Frame,Time,Speed_kmh,Target_Speed,Steer,Throttle,Brake,State,Lane_ID,Front_Dist,L_Free,R_Free,Ego_X,Ego_Y
1,0.05,0.06,95.00,-0.0556,1.00,0.00,KEEP_LANE,-4,999.00,True,False,-515.25,240.96
2,0.10,0.04,95.00,-0.0612,1.00,0.00,KEEP_LANE,-4,999.00,True,False,-515.25,240.96
3,0.15,0.03,95.00,-0.0640,1.00,0.00,KEEP_LANE,-4,999.00,True,False,-515.25,240.96
4,0.20,0.02,95.00,-0.0667,1.00,0.00,KEEP_LANE,-4,999.00,True,False,-515.25,240.96
5,0.25,0.01,95.00,-0.0695,1.00,0.00,KEEP_LANE,-4,999.00,True,False,-515.25,240.96
6,0.30,0.01,95.00,-0.0723,1.00,0.00,KEEP_LANE,-4,999.00,True,False,-515.25,240.96
7,0.35,0.00,95.00,-0.0751,1.00,0.00,KEEP_LANE,-4,999.00,True,False,-515.25,240.96
8,0.40,0.00,95.00,-0.0779,1.00,0.00,KEEP_LANE,-4,999.00,True,False,-515.25,240.96
9,0.45,0.00,95.00,-0.0806,1.00,0.00,KEEP_LANE,-4,999.00,True,False,-515.25,240.96
10,0.50,1.37,95.00,-0.0830,1.00,0.00,KEEP_LANE,-4,999.00,True,False,-515.25,240.96
11,0.55,4.66,95.00,-0.0805,1.00,0.00,KEEP_LANE,-4,999.00,True,False,-515.25,241.01
12,0.60,7.09,95.00,-0.0770,1.00,0.00,KEEP_LANE,-4,999.00,True,False,-515.24,241.10
13,0.65,9.12,95.00,-0.0731,1.00,0.00,KEEP_LANE,-4,999.00,True,False,-515.24,241.21
14,0.70,10.79,95.00,-0.0687,1.00,0.00,KEEP_LANE,-4,999.00,True,False,-515.23,241.35
15,0.75,12.29,95.00,-0.0640,1.00,0.00,KEEP_LANE,-4,999.00,True,False,-515.22,241.51
16,0.80,13.67,95.00,-0.0587,1.00,0.00,KEEP_LANE,-4,999.00,True,False,-515.21,241.70
17,0.85,14.99,95.00,-0.0536,1.00,0.00,KEEP_LANE,-4,999.00,True,False,-515.20,241.90
18,0.90,16.27,95.00,-0.0486,1.00,0.00,KEEP_LANE,-4,999.00,True,False,-515.19,242.12
19,0.95,17.53,95.00,-0.0435,1.00,0.00,KEEP_LANE,-4,999.00,True,False,-515.18,242.35
20,1.00,18.77,95.00,-0.0385,1.00,0.00,KEEP_LANE,-4,999.00,True,False,-515.16,242.60
21,1.05,19.82,95.00,-0.0337,1.00,0.00,KEEP_LANE,-4,999.00,True,False,-515.14,242.87
22,1.10,20.04,95.00,-0.0293,1.00,0.00,KEEP_LANE,-4,999.00,True,False,-515.13,243.15
23,1.15,20.82,95.00,-0.0255,1.00,0.00,KEEP_LANE,-4,999.00,True,False,-515.11,243.43
24,1.20,21.66,95.00,-0.0222,1.00,0.00,KEEP_LANE,-4,999.00,True,False,-515.09,243.73
25,1.25,23.37,95.00,-0.0188,1.00,0.00,KEEP_LANE,-4,999.00,True,False,-515.07,244.04
26,1.30,24.36,95.00,-0.0164,1.00,0.00,KEEP_LANE,-4,999.00,True,False,-515.05,244.38
27,1.35,25.54,95.00,-0.0141,1.00,0.00,KEEP_LANE,-4,999.00,True,False,-515.02,244.72
28,1.40,26.65,95.00,-0.0122,1.00,0.00,KEEP_LANE,-4,999.00,True,False,-515.00,245.09
29,1.45,27.99,95.00,-0.0108,1.00,0.00,KEEP_LANE,-4,999.00,True,False,-514.97,245.47
30,1.50,29.22,95.00,-0.0098,1.00,0.00,KEEP_LANE,-4,999.00,True,False,-514.94,245.87
31,1.55,30.65,95.00,-0.0090,1.00,0.00,KEEP_LANE,-4,999.00,True,False,-514.91,246.28
32,1.60,31.96,95.00,-0.0086,1.00,0.00,KEEP_LANE,-4,999.00,True,False,-514.88,246.72
33,1.65,33.46,95.00,-0.0070,1.00,0.00,KEEP_LANE,-4,999.00,True,False,-514.84,247.17
34,1.70,34.89,95.00,-0.0059,1.00,0.00,KEEP_LANE,-4,999.00,True,False,-514.81,247.65
35,1.75,36.29,95.00,-0.0072,1.00,0.00,KEEP_LANE,-4,999.00,True,False,-514.77,248.14
36,1.80,37.60,95.00,-0.0077,1.00,0.00,KEEP_LANE,-4,999.00,True,False,-514.73,248.66
37,1.85,38.88,95.00,-0.0083,1.00,0.00,KEEP_LANE,-4,999.00,True,False,-514.69,249.19
38,1.90,40.12,95.00,-0.0093,1.00,0.00,KEEP_LANE,-4,999.00,True,False,-514.64,249.74
39,1.95,41.34,95.00,-0.0138,1.00,0.00,KEEP_LANE,-4,999.00,True,False,-514.60,250.30
40,2.00,42.54,95.00,-0.0161,1.00,0.00,KEEP_LANE,-4,999.00,True,False,-514.55,250.88
41,2.05,43.73,95.00,-0.0180,1.00,0.00,KEEP_LANE,-4,999.00,True,False,-514.50,251.48
42,2.10,44.91,95.00,-0.0195,1.00,0.00,KEEP_LANE,-4,999.00,True,False,-514.44,252.10
43,2.15,46.09,95.00,-0.0207,1.00,0.00,KEEP_LANE,-4,999.00,True,False,-514.38,252.73
44,2.20,47.26,95.00,-0.0216,1.00,0.00,KEEP_LANE,-4,999.00,True,False,-514.32,253.37
45,2.25,48.42,95.00,-0.0189,1.00,0.00,KEEP_LANE,-4,999.00,True,False,-514.25,254.04
46,2.30,49.58,95.00,-0.0211,1.00,0.00,KEEP_LANE,-4,999.00,True,False,-514.18,254.71
47,2.35,50.74,95.00,-0.0217,1.00,0.00,KEEP_LANE,-4,999.00,True,False,-514.10,255.41
48,2.40,51.89,95.00,-0.0220,1.00,0.00,KEEP_LANE,-4,999.00,True,False,-514.02,256.12
49,2.45,53.04,95.00,-0.0220,1.00,0.00,KEEP_LANE,-4,999.00,True,False,-513.93,256.84
50,2.50,54.19,95.00,-0.0218,1.00,0.00,KEEP_LANE,-4,999.00,True,False,-513.84,257.58
51,2.55,55.33,95.00,-0.0214,1.00,0.00,KEEP_LANE,-4,999.00,True,False,-513.74,258.34
52,2.60,56.48,95.00,-0.0210,1.00,0.00,KEEP_LANE,-4,999.00,True,False,-513.64,259.11
53,2.65,57.62,95.00,-0.0204,1.00,0.00,KEEP_LANE,-4,999.00,True,False,-513.53,259.90
54,2.70,58.75,95.00,-0.0166,1.00,0.00,KEEP_LANE,-4,999.00,True,False,-513.41,260.70
55,2.75,59.89,95.00,-0.0182,1.00,0.00,KEEP_LANE,-4,999.00,True,False,-513.29,261.51
56,2.80,61.02,95.00,-0.0185,1.00,0.00,KEEP_LANE,-4,999.00,True,False,-513.16,262.35
57,2.85,62.15,95.00,-0.0186,1.00,0.00,KEEP_LANE,-4,999.00,True,False,-513.02,263.19
58,2.90,63.28,95.00,-0.0188,1.00,0.00,KEEP_LANE,-4,999.00,True,False,-512.88,264.05
59,2.95,64.40,95.00,-0.0189,1.00,0.00,KEEP_LANE,-4,999.00,True,False,-512.73,264.93
60,3.00,65.52,95.00,-0.0190,1.00,0.00,KEEP_LANE,-4,999.00,True,False,-512.57,265.82
61,3.05,66.64,95.00,-0.0164,1.00,0.00,KEEP_LANE,-4,999.00,True,False,-512.41,266.72
62,3.10,67.76,95.00,-0.0173,1.00,0.00,KEEP_LANE,-4,999.00,True,False,-512.24,267.64
63,3.15,68.87,95.00,-0.0181,1.00,0.00,KEEP_LANE,-4,999.00,True,False,-512.06,268.57
64,3.20,69.99,95.00,-0.0187,1.00,0.00,KEEP_LANE,-4,999.00,True,False,-511.87,269.52
65,3.25,71.09,95.00,-0.0191,1.00,0.00,KEEP_LANE,-4,999.00,True,False,-511.67,270.48
66,3.30,72.20,95.00,-0.0194,1.00,0.00,KEEP_LANE,-4,999.00,True,False,-511.47,271.46
67,3.35,73.30,95.00,-0.0195,1.00,0.00,KEEP_LANE,-4,999.00,True,False,-511.26,272.45
68,3.40,74.40,95.00,-0.0163,1.00,0.00,KEEP_LANE,-4,999.00,True,False,-511.04,273.45
69,3.45,75.50,95.00,-0.0177,1.00,0.00,KEEP_LANE,-4,999.00,True,False,-510.81,274.47
70,3.50,76.60,95.00,-0.0178,1.00,0.00,KEEP_LANE,-4,999.00,True,False,-510.57,275.50
71,3.55,77.69,95.00,-0.0182,1.00,0.00,KEEP_LANE,-4,999.00,True,False,-510.32,276.54
72,3.60,78.78,95.00,-0.0186,1.00,0.00,KEEP_LANE,-4,999.00,True,False,-510.06,277.60
73,3.65,79.87,95.00,-0.0189,1.00,0.00,KEEP_LANE,-4,999.00,True,False,-509.79,278.67
74,3.70,80.95,95.00,-0.0159,1.00,0.00,KEEP_LANE,-4,999.00,True,False,-509.51,279.75
75,3.75,82.04,95.00,-0.1629,1.00,0.00,KEEP_LANE,-3,999.00,True,True,-509.22,280.85
76,3.80,82.98,95.00,-0.0933,1.00,0.00,KEEP_LANE,-3,999.00,True,True,-508.92,281.95
77,3.85,83.98,95.00,-0.0761,1.00,0.00,KEEP_LANE,-3,999.00,True,True,-508.59,283.07
78,3.90,85.00,95.00,-0.0585,1.00,0.00,KEEP_LANE,-3,999.00,True,True,-508.25,284.19
79,3.95,86.03,95.00,-0.0415,1.00,0.00,KEEP_LANE,-3,999.00,True,True,-507.88,285.32
80,4.00,87.06,95.00,-0.0249,1.00,0.00,KEEP_LANE,-3,999.00,True,True,-507.50,286.46
81,4.05,88.09,95.00,-0.0136,1.00,0.00,KEEP_LANE,-3,999.00,True,True,-507.09,287.61
82,4.10,89.13,95.00,-0.0048,1.00,0.00,KEEP_LANE,-3,999.00,True,True,-506.66,288.77
83,4.15,90.17,95.00,0.0008,1.00,0.00,KEEP_LANE,-3,999.00,True,True,-506.21,289.93
84,4.20,91.22,95.00,0.0035,1.00,0.00,KEEP_LANE,-3,999.00,True,True,-505.75,291.10
85,4.25,92.27,95.00,0.0098,1.00,0.00,KEEP_LANE,-3,999.00,True,True,-505.26,292.28
86,4.30,93.33,95.00,0.0114,1.00,0.00,KEEP_LANE,-3,999.00,True,True,-504.76,293.47
87,4.35,94.39,95.00,0.0107,0.80,0.00,KEEP_LANE,-3,999.00,True,True,-504.24,294.67
88,4.40,95.41,95.00,0.0072,0.00,0.00,KEEP_LANE,-3,999.00,True,True,-503.71,295.88
89,4.45,96.24,95.00,0.0025,0.00,0.00,KEEP_LANE,-3,999.00,True,True,-503.17,297.09
90,4.50,96.56,95.00,-0.0000,0.00,0.00,KEEP_LANE,-3,999.00,True,True,-502.62,298.32
91,4.55,96.28,95.00,-0.0049,0.00,0.00,KEEP_LANE,-3,999.00,True,True,-502.06,299.54
92,4.60,95.56,95.00,-0.0081,0.00,0.00,KEEP_LANE,-3,999.00,True,True,-501.51,300.75
93,4.65,94.56,95.00,-0.0105,0.70,0.00,KEEP_LANE,-3,999.00,True,True,-500.96,301.95
94,4.70,93.39,95.00,-0.0120,1.00,0.00,KEEP_LANE,-3,999.00,True,True,-500.41,303.13
95,4.75,92.26,95.00,-0.0109,1.00,0.00,KEEP_LANE,-3,999.00,True,True,-499.87,304.30
96,4.80,91.38,95.00,-0.0132,1.00,0.00,KEEP_LANE,-3,999.00,True,True,-499.33,305.45
97,4.85,90.90,95.00,-0.0148,1.00,0.00,KEEP_LANE,-3,999.00,True,True,-498.80,306.60
98,4.90,90.81,95.00,-0.0162,1.00,0.00,KEEP_LANE,-3,999.00,True,True,-498.26,307.74
99,4.95,91.01,95.00,-0.0173,1.00,0.00,KEEP_LANE,-3,999.00,True,True,-497.71,308.88
100,5.00,91.42,95.00,-0.0157,1.00,0.00,KEEP_LANE,-3,999.00,True,True,-497.16,310.02
101,5.05,91.99,95.00,-0.0173,1.00,0.00,KEEP_LANE,-3,999.00,True,True,-496.60,311.16
102,5.10,92.67,95.00,-0.0177,1.00,0.00,KEEP_LANE,-3,999.00,True,True,-496.03,312.31
103,5.15,93.43,95.00,-0.0179,1.00,0.00,KEEP_LANE,-3,999.00,True,True,-495.45,313.47
104,5.20,94.26,95.00,-0.1458,0.95,0.00,KEEP_LANE,-2,999.00,True,True,-494.86,314.63
105,5.25,94.98,95.00,-0.0819,0.23,0.00,KEEP_LANE,-2,999.00,True,True,-494.26,315.80
106,5.30,95.72,95.00,-0.0659,0.00,0.00,KEEP_LANE,-2,999.00,True,True,-493.63,316.97
107,5.35,96.09,95.00,-0.0489,0.00,0.00,KEEP_LANE,-2,999.00,True,True,-492.99,318.14
108,5.40,95.88,95.00,-0.0320,0.00,0.00,KEEP_LANE,-2,999.00,True,True,-492.33,319.30
109,5.45,95.22,95.00,-0.0163,0.00,0.00,KEEP_LANE,-2,999.00,True,True,-491.66,320.44
110,5.50,94.24,95.00,-0.0029,1.00,0.00,KEEP_LANE,-2,999.00,True,True,-490.98,321.57
111,5.55,93.09,95.00,0.0062,1.00,0.00,KEEP_LANE,-2,999.00,True,True,-490.30,322.67
112,5.60,91.98,95.00,0.0123,1.00,0.00,KEEP_LANE,-2,999.00,True,True,-489.61,323.76
113,5.65,91.10,95.00,0.0148,1.00,0.00,KEEP_LANE,-2,999.00,True,True,-488.92,324.82
114,5.70,90.61,95.00,0.0181,1.00,0.00,KEEP_LANE,-2,999.00,True,True,-488.22,325.87
115,5.75,90.52,95.00,0.0174,1.00,0.00,KEEP_LANE,-2,999.00,True,True,-487.52,326.91
116,5.80,90.72,95.00,0.0132,1.00,0.00,KEEP_LANE,-2,999.00,True,True,-486.80,327.95
117,5.85,91.14,95.00,0.0073,1.00,0.00,KEEP_LANE,-2,999.00,True,True,-486.08,328.99
118,5.90,91.72,95.00,0.0004,1.00,0.00,KEEP_LANE,-2,999.00,True,True,-485.36,330.03
119,5.95,92.41,95.00,-0.0058,1.00,0.00,KEEP_LANE,-2,999.00,True,True,-484.62,331.08
120,6.00,93.19,95.00,-0.0123,1.00,0.00,KEEP_LANE,-2,999.00,True,True,-483.88,332.13
121,6.05,94.02,95.00,-0.0185,1.00,0.00,KEEP_LANE,-2,999.00,True,True,-483.13,333.20
122,6.10,94.91,95.00,-0.0232,0.30,0.00,KEEP_LANE,-2,999.00,True,True,-482.37,334.27
123,6.15,95.76,95.00,-0.0261,0.00,0.00,KEEP_LANE,-2,999.00,True,True,-481.60,335.35
124,6.20,96.27,95.00,-0.0251,0.00,0.00,KEEP_LANE,-2,999.00,True,True,-480.82,336.43
125,6.25,96.16,95.00,-0.0239,0.00,0.00,KEEP_LANE,-2,999.00,True,True,-480.04,337.52
126,6.30,95.56,95.00,-0.0203,0.00,0.00,KEEP_LANE,-2,999.00,True,True,-479.25,338.59
127,6.35,94.63,95.00,-0.0160,0.66,0.00,KEEP_LANE,-2,999.00,True,True,-478.47,339.65
128,6.40,93.52,95.00,-0.0116,1.00,0.00,KEEP_LANE,-2,999.00,True,True,-477.69,340.70
129,6.45,92.43,95.00,-0.0063,1.00,0.00,KEEP_LANE,-2,999.00,True,True,-476.91,341.73
130,6.50,91.58,95.00,-0.0048,1.00,0.00,KEEP_LANE,-2,999.00,True,True,-476.14,342.74
131,6.55,91.12,95.00,-0.0044,1.00,0.00,KEEP_LANE,-2,999.00,True,True,-475.37,343.75
132,6.60,91.04,95.00,-0.1408,1.00,0.00,KEEP_LANE,-1,999.00,False,True,-474.59,344.74
133,6.65,91.14,95.00,-0.0781,1.00,0.00,KEEP_LANE,-1,999.00,False,True,-473.80,345.73
134,6.70,91.50,95.00,-0.0627,1.00,0.00,KEEP_LANE,-1,999.00,False,True,-473.00,346.71
135,6.75,92.03,95.00,-0.0485,1.00,0.00,KEEP_LANE,-1,999.00,False,True,-472.18,347.69
136,6.80,92.67,95.00,-0.0347,1.00,0.00,KEEP_LANE,-1,999.00,False,True,-471.34,348.67
137,6.85,93.40,95.00,-0.0227,1.00,0.00,KEEP_LANE,-1,999.00,False,True,-470.49,349.64
138,6.90,94.20,95.00,-0.0134,1.00,0.00,KEEP_LANE,-1,999.00,False,True,-469.62,350.61
139,6.95,95.05,95.00,-0.0059,0.00,0.00,KEEP_LANE,-1,999.00,False,True,-468.72,351.57
140,7.00,95.88,95.00,-0.0023,0.00,0.00,KEEP_LANE,-1,999.00,False,True,-467.81,352.54
141,7.05,96.36,95.00,0.0000,0.00,0.00,KEEP_LANE,-1,999.00,False,True,-466.88,353.50
142,7.10,96.26,95.00,0.0056,0.00,0.00,KEEP_LANE,-1,999.00,False,True,-465.94,354.45
143,7.15,95.66,95.00,0.0100,0.00,0.00,KEEP_LANE,-1,999.00,False,True,-465.00,355.39
144,7.20,94.74,95.00,0.0131,0.49,0.00,KEEP_LANE,-1,999.00,False,True,-464.06,356.32
145,7.25,93.60,95.00,0.0135,1.00,0.00,KEEP_LANE,-1,999.00,False,True,-463.12,357.23
146,7.30,92.33,95.00,0.0121,1.00,0.00,KEEP_LANE,-1,999.00,False,True,-462.19,358.12
147,7.35,91.14,95.00,0.0086,1.00,0.00,KEEP_LANE,-1,999.00,False,True,-461.27,359.00
148,7.40,90.21,95.00,0.0045,1.00,0.00,KEEP_LANE,-1,999.00,False,True,-460.36,359.87
149,7.45,89.70,95.00,-0.0020,1.00,0.00,KEEP_LANE,-1,999.00,False,True,-459.45,360.73
150,7.50,89.59,95.00,-0.0083,1.00,0.00,KEEP_LANE,-1,999.00,False,True,-458.55,361.58
151,7.55,89.78,95.00,-0.0139,1.00,0.00,KEEP_LANE,-1,999.00,False,True,-457.64,362.44
152,7.60,90.19,95.00,-0.0185,1.00,0.00,KEEP_LANE,-1,999.00,False,True,-456.73,363.29
153,7.65,90.76,95.00,-0.0210,1.00,0.00,KEEP_LANE,-1,999.00,False,True,-455.81,364.15
154,7.70,91.44,95.00,-0.0237,1.00,0.00,KEEP_LANE,-1,999.00,False,True,-454.89,365.01
155,7.75,92.21,95.00,-0.0253,1.00,0.00,KEEP_LANE,-1,999.00,False,True,-453.95,365.88
156,7.80,93.04,95.00,-0.0259,1.00,0.00,KEEP_LANE,-1,999.00,False,True,-453.00,366.75
157,7.85,93.91,95.00,-0.0255,1.00,0.00,KEEP_LANE,-1,999.00,False,True,-452.04,367.62
158,7.90,94.82,95.00,-0.0236,0.38,0.00,KEEP_LANE,-1,999.00,False,True,-451.06,368.50
159,7.95,95.76,95.00,-0.0222,0.00,0.00,KEEP_LANE,-1,999.00,False,True,-450.07,369.38
160,8.00,96.65,95.00,-0.0202,0.00,0.00,KEEP_LANE,-1,999.00,False,True,-449.07,370.26
161,8.05,97.19,95.00,-0.0172,0.00,0.02,KEEP_LANE,-1,999.00,False,True,-448.05,371.14
162,8.10,97.10,95.00,-0.0132,0.00,0.01,KEEP_LANE,-1,999.00,False,True,-447.02,372.02
163,8.15,96.51,95.00,-0.0083,0.00,0.00,KEEP_LANE,-1,999.00,False,True,-445.99,372.88
164,8.20,95.59,95.00,-0.0049,0.00,0.00,KEEP_LANE,-1,999.00,False,True,-444.96,373.73
165,8.25,94.44,95.00,-0.0019,0.36,0.00,KEEP_LANE,-1,999.00,False,True,-443.94,374.56
166,8.30,93.17,95.00,0.0002,1.00,0.00,KEEP_LANE,-1,999.00,False,True,-442.93,375.38
167,8.35,91.97,95.00,0.0016,1.00,0.00,KEEP_LANE,-1,999.00,False,True,-441.92,376.18
168,8.40,91.04,95.00,0.0001,1.00,0.00,KEEP_LANE,-1,999.00,False,True,-440.93,376.97
169,8.45,90.51,95.00,-0.0030,1.00,0.00,KEEP_LANE,-1,999.00,False,True,-439.94,377.75
170,8.50,90.38,95.00,-0.0071,1.00,0.00,KEEP_LANE,-1,999.00,False,True,-438.95,378.52
171,8.55,90.56,95.00,-0.0116,1.00,0.00,KEEP_LANE,-1,999.00,False,True,-437.95,379.28
172,8.60,90.96,95.00,-0.0152,1.00,0.00,KEEP_LANE,-1,999.00,False,True,-436.95,380.05
173,8.65,91.52,95.00,-0.0192,1.00,0.00,KEEP_LANE,-1,999.00,False,True,-435.94,380.81
174,8.70,92.19,95.00,-0.0223,1.00,0.00,KEEP_LANE,-1,999.00,False,True,-434.92,381.58
175,8.75,92.95,95.00,-0.0250,1.00,0.00,KEEP_LANE,-1,999.00,False,True,-433.88,382.35
176,8.80,87.19,95.00,-0.0169,1.00,0.00,KEEP_LANE,-1,999.00,False,True,-432.86,383.12
177,8.85,88.32,95.00,-0.0868,1.00,0.00,KEEP_LANE,-1,999.00,False,True,-431.93,383.90
178,8.90,89.37,95.00,-0.0993,1.00,0.00,KEEP_LANE,-1,999.00,False,True,-430.97,384.68
179,8.95,90.44,95.00,-0.0985,1.00,0.00,KEEP_LANE,-1,999.00,False,True,-429.99,385.46
180,9.00,91.52,95.00,-0.0905,1.00,0.00,KEEP_LANE,-1,999.00,False,True,-428.99,386.24
181,9.05,92.59,95.00,-0.0780,1.00,0.00,KEEP_LANE,-1,999.00,False,True,-427.97,387.01
182,9.10,93.65,95.00,-0.0626,1.00,0.00,KEEP_LANE,-1,999.00,False,True,-426.93,387.78
183,9.15,94.69,95.00,-0.0478,0.50,0.00,KEEP_LANE,-1,999.00,False,True,-425.87,388.55
184,9.20,95.66,95.00,-0.0335,0.00,0.00,KEEP_LANE,-1,999.00,False,True,-424.78,389.30
185,9.25,96.26,95.00,-0.0203,0.00,0.00,KEEP_LANE,-1,999.00,False,True,-423.68,390.05
186,9.30,96.25,95.00,-0.0080,0.00,0.00,KEEP_LANE,-1,999.00,False,True,-422.56,390.78
187,9.35,95.72,95.00,0.0028,0.00,0.00,KEEP_LANE,-1,999.00,False,True,-421.43,391.50
188,9.40,94.84,95.00,0.0122,0.46,0.00,KEEP_LANE,-1,999.00,False,True,-420.31,392.19
189,9.45,93.75,95.00,0.0187,1.00,0.00,KEEP_LANE,-1,999.00,False,True,-419.18,392.86
190,9.50,92.69,95.00,0.0215,1.00,0.00,KEEP_LANE,-1,999.00,False,True,-418.07,393.52
191,9.55,91.85,95.00,0.0205,1.00,0.00,KEEP_LANE,-1,999.00,False,True,-416.96,394.15
192,9.60,91.39,95.00,0.0146,1.00,0.00,KEEP_LANE,-1,999.00,False,True,-415.85,394.78
193,9.65,91.32,95.00,0.0063,1.00,0.00,KEEP_LANE,-1,999.00,False,True,-414.74,395.39
194,9.70,89.09,95.00,0.0007,1.00,0.00,KEEP_LANE,-1,999.00,False,True,-413.64,396.01
195,9.75,87.91,95.00,-0.0453,1.00,0.00,KEEP_LANE,-1,999.00,False,True,-412.59,396.64
196,9.80,87.31,95.00,-0.0728,1.00,0.00,KEEP_LANE,-1,999.00,False,True,-411.55,397.27
197,9.85,87.59,95.00,-0.0943,1.00,0.00,KEEP_LANE,-1,999.00,False,True,-410.52,397.90
198,9.90,88.48,95.00,-0.0978,1.00,0.00,KEEP_LANE,-1,999.00,False,True,-409.47,398.53
199,9.95,89.43,95.00,-0.0925,1.00,0.00,KEEP_LANE,-1,999.00,False,True,-408.40,399.16
200,10.00,90.39,95.00,-0.0825,1.00,0.00,KEEP_LANE,-1,999.00,False,True,-407.32,399.79
201,10.05,91.36,95.00,-0.0693,1.00,0.00,KEEP_LANE,-1,999.00,False,True,-406.22,400.41
202,10.10,92.34,95.00,-0.0559,1.00,0.00,KEEP_LANE,-1,999.00,False,True,-405.11,401.03
203,10.15,93.31,95.00,-0.0425,1.00,0.00,KEEP_LANE,-1,999.00,False,True,-403.97,401.64
204,10.20,94.29,95.00,-0.0302,0.91,0.00,KEEP_LANE,-1,999.00,False,True,-402.81,402.23
205,10.25,95.24,95.00,-0.0181,0.00,0.00,KEEP_LANE,-1,999.00,False,True,-401.62,402.82
206,10.30,96.07,95.00,-0.0082,0.00,0.00,KEEP_LANE,-1,999.00,False,True,-400.42,403.39
207,10.35,96.51,95.00,0.0013,0.00,0.00,KEEP_LANE,-1,999.00,False,True,-399.21,403.95
208,10.40,96.34,95.00,0.0093,0.00,0.00,KEEP_LANE,-1,999.00,False,True,-397.98,404.49
209,10.45,95.71,95.00,0.0148,0.00,0.00,KEEP_LANE,-1,999.00,False,True,-396.75,405.01
210,10.50,94.76,95.00,0.0179,0.49,0.00,KEEP_LANE,-1,999.00,False,True,-395.53,405.52
211,10.55,93.63,95.00,0.0175,1.00,0.00,KEEP_LANE,-1,999.00,False,True,-394.32,406.01
212,10.60,92.54,95.00,0.0144,1.00,0.00,KEEP_LANE,-1,999.00,False,True,-393.12,406.48
213,10.65,91.68,95.00,0.0086,1.00,0.00,KEEP_LANE,-1,999.00,False,True,-391.93,406.95
214,10.70,91.21,95.00,0.0006,1.00,0.00,KEEP_LANE,-1,999.00,False,True,-390.75,407.40
215,10.75,91.13,95.00,-0.0077,1.00,0.00,KEEP_LANE,-1,999.00,False,True,-389.56,407.85
216,10.80,91.34,95.00,-0.0163,1.00,0.00,KEEP_LANE,-1,999.00,False,True,-388.38,408.30
217,10.85,91.76,95.00,-0.0234,1.00,0.00,KEEP_LANE,-1,999.00,False,True,-387.19,408.75
218,10.90,92.33,95.00,-0.0288,1.00,0.00,KEEP_LANE,-1,999.00,False,True,-385.99,409.19
219,10.95,88.46,95.00,-0.0402,1.00,0.00,KEEP_LANE,-1,999.00,False,True,-384.82,409.65
220,11.00,88.12,95.00,-0.0774,1.00,0.00,KEEP_LANE,-1,999.00,False,True,-383.69,410.13
221,11.05,87.62,95.00,-0.0986,1.00,0.00,KEEP_LANE,-1,999.00,False,True,-382.57,410.60
222,11.10,57.05,95.00,0.0081,1.00,0.00,KEEP_LANE,-1,999.00,False,True,-381.99,411.15
223,11.15,58.33,95.00,-0.0880,1.00,0.00,KEEP_LANE,-1,999.00,False,True,-381.35,411.63
224,11.20,59.94,95.00,-0.1042,1.00,0.00,KEEP_LANE,-1,999.00,False,True,-380.66,412.07
225,11.25,61.69,95.00,-0.1093,1.00,0.00,KEEP_LANE,-1,999.00,False,True,-379.92,412.49
226,11.30,63.42,95.00,-0.1054,1.00,0.00,KEEP_LANE,-1,999.00,False,True,-379.14,412.88
227,11.35,65.09,95.00,-0.0967,1.00,0.00,KEEP_LANE,-1,999.00,False,True,-378.33,413.26
228,11.40,66.68,95.00,-0.0840,1.00,0.00,KEEP_LANE,-1,999.00,False,True,-377.49,413.63
229,11.45,68.18,95.00,-0.0694,1.00,0.00,KEEP_LANE,-1,999.00,False,True,-376.62,413.99
230,11.50,69.59,95.00,-0.0539,1.00,0.00,KEEP_LANE,-1,999.00,False,True,-375.73,414.33
231,11.55,70.95,95.00,-0.0389,1.00,0.00,KEEP_LANE,-1,999.00,False,True,-374.81,414.66
232,11.60,72.25,95.00,-0.0288,1.00,0.00,KEEP_LANE,-1,999.00,False,True,-373.86,414.97
233,11.65,73.50,95.00,-0.0192,1.00,0.00,KEEP_LANE,-1,999.00,False,True,-372.89,415.28
234,11.70,74.72,95.00,-0.0121,1.00,0.00,KEEP_LANE,-1,999.00,False,True,-371.91,415.57
235,11.75,75.92,95.00,-0.0066,1.00,0.00,KEEP_LANE,-1,999.00,False,True,-370.90,415.85
236,11.80,77.10,95.00,-0.0035,1.00,0.00,KEEP_LANE,-1,999.00,False,True,-369.87,416.13
237,11.85,78.26,95.00,-0.0025,1.00,0.00,KEEP_LANE,-1,999.00,False,True,-368.82,416.39
238,11.90,79.41,95.00,-0.0028,1.00,0.00,KEEP_LANE,-1,999.00,False,True,-367.75,416.65
239,11.95,80.55,95.00,-0.0058,1.00,0.00,KEEP_LANE,-1,999.00,False,True,-366.67,416.91
240,12.00,81.67,95.00,-0.0095,1.00,0.00,KEEP_LANE,-1,999.00,False,True,-365.57,417.16
241,12.05,82.79,95.00,-0.0137,1.00,0.00,KEEP_LANE,-1,999.00,False,True,-364.46,417.40
242,12.10,83.90,95.00,-0.0178,1.00,0.00,KEEP_LANE,-1,999.00,False,True,-363.32,417.65
243,12.15,84.99,95.00,-0.0216,1.00,0.00,KEEP_LANE,-1,999.00,False,True,-362.17,417.89
244,12.20,86.08,95.00,-0.0239,1.00,0.00,KEEP_LANE,-1,999.00,False,True,-361.01,418.13
245,12.25,87.16,95.00,-0.0259,1.00,0.00,KEEP_LANE,-1,999.00,False,True,-359.83,418.36
246,12.30,88.24,95.00,-0.0261,1.00,0.00,KEEP_LANE,-1,999.00,False,True,-358.63,418.59
247,12.35,89.31,95.00,-0.0252,1.00,0.00,KEEP_LANE,-1,999.00,False,True,-357.41,418.81
248,12.40,90.37,95.00,-0.0235,1.00,0.00,KEEP_LANE,-1,999.00,False,True,-356.18,419.03
249,12.45,91.43,95.00,-0.0206,1.00,0.00,KEEP_LANE,-1,999.00,False,True,-354.94,419.25
250,12.50,92.49,95.00,-0.0181,1.00,0.00,KEEP_LANE,-1,999.00,False,True,-353.68,419.45
251,12.55,93.54,95.00,-0.0152,1.00,0.00,KEEP_LANE,-1,999.00,False,True,-352.40,419.65
252,12.60,94.59,95.00,-0.0124,0.61,0.00,KEEP_LANE,-1,999.00,False,True,-351.10,419.84
253,12.65,95.58,95.00,-0.0094,0.00,0.00,KEEP_LANE,-1,999.00,False,True,-349.79,420.03
254,12.70,96.25,95.00,-0.0069,0.00,0.00,KEEP_LANE,-1,999.00,False,True,-348.47,420.21
255,12.75,96.32,95.00,-0.0041,0.00,0.00,KEEP_LANE,-1,999.00,False,True,-347.15,420.38
256,12.80,95.85,95.00,-0.0015,0.00,0.00,KEEP_LANE,-1,999.00,False,True,-345.82,420.54
257,12.85,95.01,95.00,0.0004,0.00,0.00,KEEP_LANE,-1,999.00,False,True,-344.51,420.69
258,12.90,93.92,95.00,0.0020,1.00,0.00,KEEP_LANE,-1,999.00,False,True,-343.20,420.83
259,12.95,92.69,95.00,0.0025,1.00,0.00,KEEP_LANE,-1,999.00,False,True,-341.92,420.97
260,13.00,91.53,95.00,0.0021,1.00,0.00,KEEP_LANE,-1,999.00,False,True,-340.65,421.11
261,13.05,90.62,95.00,0.0008,1.00,0.00,KEEP_LANE,-1,999.00,False,True,-339.39,421.23
262,13.10,90.12,95.00,-0.0013,1.00,0.00,KEEP_LANE,-1,999.00,False,True,-338.14,421.36
263,13.15,90.02,95.00,-0.0036,1.00,0.00,KEEP_LANE,-1,999.00,False,True,-336.90,421.48
264,13.20,90.22,95.00,-0.0062,1.00,0.00,KEEP_LANE,-1,999.00,False,True,-335.65,421.59
265,13.25,90.63,95.00,-0.0083,1.00,0.00,KEEP_LANE,-1,999.00,False,True,-334.40,421.71
266,13.30,91.20,95.00,-0.0098,1.00,0.00,KEEP_LANE,-1,999.00,False,True,-333.14,421.82
267,13.35,91.89,95.00,-0.0106,1.00,0.00,KEEP_LANE,-1,999.00,False,True,-331.87,421.94
268,13.40,92.66,95.00,-0.0111,1.00,0.00,KEEP_LANE,-1,999.00,False,True,-330.60,422.05
269,13.45,93.49,95.00,-0.0111,1.00,0.00,KEEP_LANE,-1,999.00,False,True,-329.31,422.15
270,13.50,94.38,95.00,-0.0106,0.83,0.00,KEEP_LANE,-1,999.00,False,True,-328.00,422.26
271,13.55,95.25,95.00,-0.0098,0.00,0.00,KEEP_LANE,-1,999.00,False,True,-326.69,422.36
272,13.60,95.98,95.00,-0.0083,0.00,0.00,KEEP_LANE,-1,999.00,False,True,-325.36,422.46
273,13.65,96.23,95.00,-0.0067,0.00,0.00,KEEP_LANE,-1,999.00,False,True,-324.03,422.56
274,13.70,95.90,95.00,-0.0044,0.00,0.00,KEEP_LANE,-1,999.00,False,True,-322.70,422.65
275,13.75,95.16,95.00,-0.0023,0.00,0.00,KEEP_LANE,-1,999.00,False,True,-321.38,422.73
276,13.80,94.13,95.00,-0.0003,1.00,0.00,KEEP_LANE,-1,999.00,False,True,-320.07,422.82
277,13.85,92.95,95.00,0.0015,1.00,0.00,KEEP_LANE,-1,999.00,False,True,-318.77,422.90
278,13.90,91.82,95.00,0.0023,1.00,0.00,KEEP_LANE,-1,999.00,False,True,-317.49,422.97
279,13.95,90.94,95.00,0.0024,1.00,0.00,KEEP_LANE,-1,999.00,False,True,-316.23,423.04
280,14.00,90.46,95.00,0.0015,1.00,0.00,KEEP_LANE,-1,999.00,False,True,-314.97,423.11
281,14.05,90.37,95.00,0.0001,1.00,0.00,KEEP_LANE,-1,999.00,False,True,-313.72,423.17
282,14.10,90.58,95.00,-0.0016,1.00,0.00,KEEP_LANE,-1,999.00,False,True,-312.46,423.24
283,14.15,91.00,95.00,-0.0032,1.00,0.00,KEEP_LANE,-1,999.00,False,True,-311.20,423.30
284,14.20,91.57,95.00,-0.0045,1.00,0.00,KEEP_LANE,-1,999.00,False,True,-309.94,423.36
285,14.25,92.26,95.00,-0.0054,1.00,0.00,KEEP_LANE,-1,999.00,False,True,-308.66,423.42
286,14.30,93.04,95.00,-0.0060,1.00,0.00,KEEP_LANE,-1,999.00,False,True,-307.37,423.48
287,14.35,93.88,95.00,-0.0064,1.00,0.00,KEEP_LANE,-1,999.00,False,True,-306.07,423.54
288,14.40,94.76,95.00,-0.0064,0.44,0.00,KEEP_LANE,-1,999.00,False,True,-304.76,423.60
289,14.45,95.62,95.00,-0.0061,0.00,0.00,KEEP_LANE,-1,999.00,False,True,-303.44,423.65
290,14.50,96.13,95.00,-0.0054,0.00,0.00,KEEP_LANE,-1,999.00,False,True,-302.11,423.71
291,14.55,96.03,95.00,-0.0043,0.00,0.00,KEEP_LANE,-1,999.00,False,True,-300.78,423.76
292,14.60,95.43,95.00,-0.0031,0.00,0.00,KEEP_LANE,-1,999.00,False,True,-299.45,423.81
293,14.65,94.51,95.00,-0.0019,0.79,0.00,KEEP_LANE,-1,999.00,False,True,-298.13,423.86
294,14.70,93.40,95.00,-0.0008,1.00,0.00,KEEP_LANE,-1,999.00,False,True,-296.83,423.91
295,14.75,92.32,95.00,-0.0001,1.00,0.00,KEEP_LANE,-1,999.00,False,True,-295.54,423.95
296,14.80,91.47,95.00,0.0003,1.00,0.00,KEEP_LANE,-1,999.00,False,True,-294.27,423.99
297,14.85,91.02,95.00,0.0002,1.00,0.00,KEEP_LANE,-1,999.00,False,True,-293.00,424.03
298,14.90,90.95,95.00,-0.0002,1.00,0.00,KEEP_LANE,-1,999.00,False,True,-291.74,424.06
299,14.95,91.17,95.00,-0.0007,1.00,0.00,KEEP_LANE,-1,999.00,False,True,-290.48,424.10
300,15.00,91.60,95.00,-0.0013,1.00,0.00,KEEP_LANE,-1,999.00,False,True,-289.21,424.13
301,15.05,92.18,95.00,-0.0019,1.00,0.00,KEEP_LANE,-1,999.00,False,True,-287.93,424.17
302,15.10,92.88,95.00,-0.0024,1.00,0.00,KEEP_LANE,-1,999.00,False,True,-286.64,424.20
303,15.15,93.65,95.00,-0.0028,1.00,0.00,KEEP_LANE,-1,999.00,False,True,-285.35,424.23
304,15.20,94.49,95.00,-0.0030,0.72,0.00,KEEP_LANE,-1,999.00,False,True,-284.04,424.27
305,15.25,95.32,95.00,-0.0031,0.00,0.00,KEEP_LANE,-1,999.00,False,True,-282.72,424.30
306,15.30,95.93,95.00,-0.0031,0.00,0.00,KEEP_LANE,-1,999.00,False,True,-281.39,424.33
307,15.35,96.01,95.00,-0.0027,0.00,0.00,KEEP_LANE,-1,999.00,False,True,-280.06,424.36
308,15.40,95.55,95.00,-0.0022,0.00,0.00,KEEP_LANE,-1,999.00,False,True,-278.73,424.38
309,15.45,94.72,95.00,-0.0016,0.57,0.00,KEEP_LANE,-1,999.00,False,True,-277.41,424.41
310,15.50,93.67,95.00,-0.0011,1.00,0.00,KEEP_LANE,-1,999.00,False,True,-276.10,424.44
311,15.55,92.64,95.00,-0.0007,1.00,0.00,KEEP_LANE,-1,999.00,False,True,-274.81,424.46
312,15.60,91.83,95.00,-0.0004,1.00,0.00,KEEP_LANE,-1,999.00,False,True,-273.53,424.48
313,15.65,91.40,95.00,-0.0004,1.00,0.00,KEEP_LANE,-1,999.00,False,True,-272.26,424.50
314,15.70,91.35,95.00,-0.0005,1.00,0.00,KEEP_LANE,-1,999.00,False,True,-270.99,424.52
315,15.75,91.58,95.00,-0.0007,1.00,0.00,KEEP_LANE,-1,999.00,False,True,-269.72,424.54
316,15.80,92.02,95.00,-0.0009,1.00,0.00,KEEP_LANE,-1,999.00,False,True,-268.45,424.56
317,15.85,92.61,95.00,-0.0011,1.00,0.00,KEEP_LANE,-1,999.00,False,True,-267.16,424.58
318,15.90,93.30,95.00,-0.0013,1.00,0.00,KEEP_LANE,-1,999.00,False,True,-265.87,424.60
319,15.95,94.08,95.00,-0.0015,1.00,0.00,KEEP_LANE,-1,999.00,False,True,-264.57,424.62
320,16.00,94.92,95.00,-0.0016,0.28,0.00,KEEP_LANE,-1,999.00,False,True,-263.26,424.64
321,16.05,95.75,95.00,-0.0016,0.00,0.00,KEEP_LANE,-1,999.00,False,True,-261.93,424.65
322,16.10,96.23,95.00,-0.0016,0.00,0.00,KEEP_LANE,-1,999.00,False,True,-260.60,424.67
323,16.15,96.10,95.00,-0.0014,0.00,0.00,KEEP_LANE,-1,999.00,False,True,-259.26,424.68
324,16.20,95.49,95.00,-0.0011,0.00,0.00,KEEP_LANE,-1,999.00,False,True,-257.93,424.70
325,16.25,94.56,95.00,-0.0008,0.73,0.00,KEEP_LANE,-1,999.00,False,True,-256.61,424.71
326,16.30,93.44,95.00,-0.0005,1.00,0.00,KEEP_LANE,-1,999.00,False,True,-255.31,424.73
327,16.35,92.36,95.00,-0.0004,1.00,0.00,KEEP_LANE,-1,999.00,False,True,-254.02,424.74
328,16.40,91.51,95.00,-0.0003,1.00,0.00,KEEP_LANE,-1,999.00,False,True,-252.74,424.75
329,16.45,91.05,95.00,-0.0003,1.00,0.00,KEEP_LANE,-1,999.00,False,True,-251.48,424.76
330,16.50,90.98,95.00,-0.0004,1.00,0.00,KEEP_LANE,-1,999.00,False,True,-250.21,424.77
331,16.55,91.20,95.00,-0.0005,1.00,0.00,KEEP_LANE,-1,999.00,False,True,-248.95,424.78
332,16.60,91.63,95.00,-0.0007,1.00,0.00,KEEP_LANE,-1,999.00,False,True,-247.68,424.79
333,16.65,92.21,95.00,-0.0008,1.00,0.00,KEEP_LANE,-1,999.00,False,True,-246.40,424.80
334,16.70,92.90,95.00,-0.0009,1.00,0.00,KEEP_LANE,-1,999.00,False,True,-245.11,424.81
335,16.75,93.67,95.00,-0.0010,1.00,0.00,KEEP_LANE,-1,999.00,False,True,-243.82,424.82
336,16.80,94.51,95.00,-0.0015,0.70,0.00,KEEP_LANE,-1,999.00,False,True,-242.51,424.83
337,16.85,95.40,95.00,-0.0024,0.00,0.00,KEEP_LANE,-1,999.00,False,True,-241.19,424.83
338,16.90,96.26,95.00,-0.0034,0.00,0.00,KEEP_LANE,-1,999.00,False,True,-239.86,424.84
339,16.95,96.77,95.00,-0.0043,0.00,0.00,KEEP_LANE,-1,999.00,False,True,-238.52,424.85
340,17.00,96.66,95.00,-0.0047,0.00,0.00,KEEP_LANE,-1,999.00,False,True,-237.17,424.86
341,17.05,96.06,95.00,-0.0046,0.00,0.00,KEEP_LANE,-1,999.00,False,True,-235.83,424.86
342,17.10,95.14,95.00,-0.0042,0.00,0.00,KEEP_LANE,-1,999.00,False,True,-234.51,424.87
343,17.15,93.99,95.00,-0.0037,1.00,0.00,KEEP_LANE,-1,999.00,False,True,-233.20,424.87
344,17.20,92.68,95.00,-0.0031,1.00,0.00,KEEP_LANE,-1,999.00,False,True,-231.90,424.87
345,17.25,91.31,95.00,-0.0025,1.00,0.00,KEEP_LANE,-1,999.00,False,True,-230.63,424.87
346,17.30,90.04,95.00,-0.0023,1.00,0.00,KEEP_LANE,-1,999.00,False,True,-229.37,424.87
347,17.35,89.06,95.00,-0.0025,1.00,0.00,KEEP_LANE,-1,999.00,False,True,-228.13,424.87
348,17.40,88.50,95.00,-0.0032,1.00,0.00,KEEP_LANE,-1,999.00,False,True,-226.89,424.86
349,17.45,88.36,95.00,-0.0044,1.00,0.00,KEEP_LANE,-1,999.00,False,True,-225.67,424.86
350,17.50,88.54,95.00,-0.0058,1.00,0.00,KEEP_LANE,-1,999.00,False,True,-224.44,424.85
351,17.55,88.94,95.00,-0.0072,1.00,0.00,KEEP_LANE,-1,999.00,False,True,-223.21,424.84
352,17.60,89.51,95.00,-0.0086,1.00,0.00,KEEP_LANE,-1,999.00,False,True,-221.97,424.83
353,17.65,90.19,95.00,-0.0101,1.00,0.00,KEEP_LANE,-1,999.00,False,True,-220.72,424.81
354,17.70,90.96,95.00,-0.0114,1.00,0.00,KEEP_LANE,-1,999.00,False,True,-219.46,424.79
355,17.75,91.80,95.00,-0.0124,1.00,0.00,KEEP_LANE,-1,999.00,False,True,-218.19,424.77
356,17.80,92.68,95.00,-0.0132,1.00,0.00,KEEP_LANE,-1,999.00,False,True,-216.91,424.75
357,17.85,93.60,95.00,-0.0138,1.00,0.00,KEEP_LANE,-1,999.00,False,True,-215.61,424.72
358,17.90,94.55,95.00,-0.0142,0.65,0.00,KEEP_LANE,-1,999.00,False,True,-214.30,424.69
359,17.95,95.46,95.00,-0.0143,0.00,0.00,KEEP_LANE,-1,999.00,False,True,-212.98,424.65
360,18.00,96.16,95.00,-0.0138,0.00,0.00,KEEP_LANE,-1,999.00,False,True,-211.65,424.61
361,18.05,96.59,95.00,-0.0129,0.00,0.00,KEEP_LANE,-1,999.00,False,True,-210.31,424.56
362,18.10,96.50,95.00,-0.0111,0.00,0.00,KEEP_LANE,-1,999.00,False,True,-208.97,424.51
363,18.15,95.92,95.00,-0.0088,0.00,0.00,KEEP_LANE,-1,999.00,False,True,-207.64,424.45
364,18.20,95.00,95.00,-0.0064,0.00,0.00,KEEP_LANE,-1,999.00,False,True,-206.31,424.38
365,18.25,93.86,95.00,-0.0043,1.00,0.00,KEEP_LANE,-1,999.00,False,True,-205.01,424.31
366,18.30,92.59,95.00,-0.0026,1.00,0.00,KEEP_LANE,-1,999.00,False,True,-203.72,424.24
367,18.35,91.40,95.00,-0.0018,1.00,0.00,KEEP_LANE,-1,999.00,False,True,-202.44,424.16
368,18.40,90.47,95.00,-0.0021,1.00,0.00,KEEP_LANE,-1,999.00,False,True,-201.18,424.08
369,18.45,89.95,95.00,-0.0038,1.00,0.00,KEEP_LANE,-1,999.00,False,True,-199.93,423.99
370,18.50,89.84,95.00,-0.0063,1.00,0.00,KEEP_LANE,-1,999.00,False,True,-198.69,423.91
371,18.55,90.03,95.00,-0.0092,1.00,0.00,KEEP_LANE,-1,999.00,False,True,-197.44,423.81
372,18.60,90.43,95.00,-0.0119,1.00,0.00,KEEP_LANE,-1,999.00,False,True,-196.19,423.71
373,18.65,91.00,95.00,-0.0144,1.00,0.00,KEEP_LANE,-1,999.00,False,True,-194.94,423.61
374,18.70,91.68,95.00,-0.0165,1.00,0.00,KEEP_LANE,-1,999.00,False,True,-193.67,423.51
375,18.75,92.44,95.00,-0.0182,1.00,0.00,KEEP_LANE,-1,999.00,False,True,-192.40,423.39
376,18.80,93.27,95.00,-0.0194,1.00,0.00,KEEP_LANE,-1,999.00,False,True,-191.11,423.27
377,18.85,94.15,95.00,-0.0196,1.00,0.00,KEEP_LANE,-1,999.00,False,True,-189.82,423.15
378,18.90,95.06,95.00,-0.0203,0.00,0.00,KEEP_LANE,-1,999.00,False,True,-188.51,423.02
379,18.95,95.94,95.00,-0.0201,0.00,0.00,KEEP_LANE,-1,999.00,False,True,-187.19,422.87
380,19.00,96.46,95.00,-0.0186,0.00,0.00,KEEP_LANE,-1,999.00,False,True,-185.86,422.72
381,19.05,96.37,95.00,-0.0154,0.00,0.00,KEEP_LANE,-1,999.00,False,True,-184.53,422.57
382,19.10,95.78,95.00,-0.0111,0.00,0.00,KEEP_LANE,-1,999.00,False,True,-183.20,422.40
383,19.15,94.86,95.00,-0.0079,0.39,0.00,KEEP_LANE,-1,999.00,False,True,-181.89,422.23
384,19.20,93.75,95.00,-0.0049,1.00,0.00,KEEP_LANE,-1,999.00,False,True,-180.60,422.05
385,19.25,92.67,95.00,-0.0030,1.00,0.00,KEEP_LANE,-1,999.00,False,True,-179.32,421.87
386,19.30,91.82,95.00,-0.0027,1.00,0.00,KEEP_LANE,-1,999.00,False,True,-178.05,421.69
387,19.35,91.35,95.00,-0.0041,1.00,0.00,KEEP_LANE,-1,999.00,False,True,-176.79,421.49
388,19.40,91.28,95.00,-0.0061,1.00,0.00,KEEP_LANE,-1,999.00,False,True,-175.54,421.30
389,19.45,91.49,95.00,-0.0095,1.00,0.00,KEEP_LANE,-1,999.00,False,True,-174.29,421.09
390,19.50,91.91,95.00,-0.0127,1.00,0.00,KEEP_LANE,-1,999.00,False,True,-173.03,420.89
391,19.55,92.48,95.00,-0.0157,1.00,0.00,KEEP_LANE,-1,999.00,False,True,-171.77,420.67
392,19.60,93.16,95.00,-0.0183,1.00,0.00,KEEP_LANE,-1,999.00,False,True,-170.50,420.45
393,19.65,93.93,95.00,-0.0198,1.00,0.00,KEEP_LANE,-1,999.00,False,True,-169.22,420.22
394,19.70,94.76,95.00,-0.0217,0.45,0.00,KEEP_LANE,-1,999.00,False,True,-167.93,419.98
395,19.75,95.57,95.00,-0.0227,0.00,0.00,KEEP_LANE,-1,999.00,False,True,-166.63,419.73
396,19.80,96.04,95.00,-0.0219,0.00,0.00,KEEP_LANE,-1,999.00,False,True,-165.32,419.48
397,19.85,95.90,95.00,-0.0192,0.00,0.00,KEEP_LANE,-1,999.00,False,True,-164.01,419.21
398,19.90,95.29,95.00,-0.0157,0.00,0.00,KEEP_LANE,-1,999.00,False,True,-162.72,418.94
399,19.95,94.35,95.00,-0.0114,0.94,0.00,KEEP_LANE,-1,999.00,False,True,-161.43,418.67
400,20.00,93.23,95.00,-0.0081,1.00,0.00,KEEP_LANE,-1,999.00,False,True,-160.16,418.39
401,20.05,92.14,95.00,-0.0057,1.00,0.00,KEEP_LANE,-1,999.00,False,True,-158.90,418.10
402,20.10,91.29,95.00,-0.0048,1.00,0.00,KEEP_LANE,-1,999.00,False,True,-157.67,417.81
403,20.15,90.83,95.00,-0.0057,1.00,0.00,KEEP_LANE,-1,999.00,False,True,-156.44,417.52
404,20.20,90.75,95.00,-0.0074,1.00,0.00,KEEP_LANE,-1,999.00,False,True,-155.21,417.22
405,20.25,90.96,95.00,-0.0105,1.00,0.00,KEEP_LANE,-1,999.00,False,True,-153.99,416.91
406,20.30,91.38,95.00,-0.0135,1.00,0.00,KEEP_LANE,-1,999.00,False,True,-152.76,416.60
407,20.35,91.95,95.00,-0.0163,1.00,0.00,KEEP_LANE,-1,999.00,False,True,-151.53,416.28
408,20.40,92.64,95.00,-0.0188,1.00,0.00,KEEP_LANE,-1,999.00,False,True,-150.29,415.95
409,20.45,93.40,95.00,-0.0209,1.00,0.00,KEEP_LANE,-1,999.00,False,True,-149.04,415.61
410,20.50,94.23,95.00,-0.0224,0.97,0.00,KEEP_LANE,-1,999.00,False,True,-147.78,415.26
411,20.55,95.10,95.00,-0.0241,0.00,0.00,KEEP_LANE,-1,999.00,False,True,-146.52,414.90
412,20.60,95.99,95.00,-0.0250,0.00,0.00,KEEP_LANE,-1,999.00,False,True,-145.24,414.53
413,20.65,96.82,95.00,-0.0250,0.00,0.00,KEEP_LANE,-1,999.00,False,True,-143.96,414.15
414,20.70,97.28,95.00,-0.0232,0.00,0.04,KEEP_LANE,-1,999.00,False,True,-142.67,413.76
415,20.75,97.13,95.00,-0.0190,0.00,0.02,KEEP_LANE,-1,999.00,False,True,-141.38,413.36
416,20.80,96.50,95.00,-0.0149,0.00,0.00,KEEP_LANE,-1,999.00,False,True,-140.10,412.95
417,20.85,95.55,95.00,-0.0105,0.00,0.00,KEEP_LANE,-1,999.00,False,True,-138.83,412.53
418,20.90,94.38,95.00,-0.0065,0.43,0.00,KEEP_LANE,-1,999.00,False,True,-137.58,412.12
419,20.95,93.09,95.00,-0.0032,1.00,0.00,KEEP_LANE,-1,999.00,False,True,-136.35,411.70
420,21.00,91.88,95.00,-0.0008,1.00,0.00,KEEP_LANE,-1,999.00,False,True,-135.14,411.27
421,21.05,90.93,95.00,-0.0011,1.00,0.00,KEEP_LANE,-1,999.00,False,True,-133.94,410.85
422,21.10,90.40,95.00,-0.0032,1.00,0.00,KEEP_LANE,-1,999.00,False,True,-132.76,410.42
423,21.15,90.27,95.00,-0.0067,1.00,0.00,KEEP_LANE,-1,999.00,False,True,-131.58,409.99
424,21.20,90.44,95.00,-0.0113,1.00,0.00,KEEP_LANE,-1,999.00,False,True,-130.41,409.55
425,21.25,90.83,95.00,-0.0156,1.00,0.00,KEEP_LANE,-1,999.00,False,True,-129.23,409.11
426,21.30,91.39,95.00,-0.0189,1.00,0.00,KEEP_LANE,-1,999.00,False,True,-128.05,408.65
427,21.35,92.06,95.00,-0.0221,1.00,0.00,KEEP_LANE,-1,999.00,False,True,-126.86,408.19
428,21.40,92.81,95.00,-0.0245,1.00,0.00,KEEP_LANE,-1,999.00,False,True,-125.67,407.72
429,21.45,93.63,95.00,-0.0261,1.00,0.00,KEEP_LANE,-1,999.00,False,True,-124.46,407.24
430,21.50,90.36,95.00,-0.0432,1.00,0.00,KEEP_LANE,-1,999.00,False,True,-123.27,406.79
431,21.55,91.39,95.00,-0.0747,1.00,0.00,KEEP_LANE,-1,999.00,False,True,-122.09,406.35
432,21.60,92.42,95.00,-0.0790,1.00,0.00,KEEP_LANE,-1,999.00,False,True,-120.89,405.90
433,21.65,93.46,95.00,-0.0753,1.00,0.00,KEEP_LANE,-1,999.00,False,True,-119.69,405.43
434,21.70,94.51,95.00,-0.0673,0.69,0.00,KEEP_LANE,-1,999.00,False,True,-118.48,404.94
435,21.75,95.49,95.00,-0.0565,0.00,0.00,KEEP_LANE,-1,999.00,False,True,-117.25,404.43
436,21.80,96.20,95.00,-0.0440,0.00,0.00,KEEP_LANE,-1,999.00,False,True,-116.03,403.91
437,21.85,96.35,95.00,-0.0303,0.00,0.00,KEEP_LANE,-1,999.00,False,True,-114.81,403.37
438,21.90,95.95,95.00,-0.0178,0.00,0.00,KEEP_LANE,-1,999.00,False,True,-113.59,402.81
439,21.95,95.15,95.00,-0.0068,0.00,0.00,KEEP_LANE,-1,999.00,False,True,-112.39,402.25
440,22.00,94.08,95.00,0.0023,1.00,0.00,KEEP_LANE,-1,999.00,False,True,-111.21,401.67
441,22.05,92.86,95.00,0.0098,1.00,0.00,KEEP_LANE,-1,999.00,False,True,-110.05,401.09
442,22.10,91.70,95.00,0.0150,1.00,0.00,KEEP_LANE,-1,999.00,False,True,-108.91,400.51
443,22.15,90.79,95.00,0.0158,1.00,0.00,KEEP_LANE,-1,999.00,False,True,-107.79,399.92
444,22.20,90.29,95.00,0.0129,1.00,0.00,KEEP_LANE,-1,999.00,False,True,-106.68,399.33
445,22.25,90.18,95.00,0.0072,1.00,0.00,KEEP_LANE,-1,999.00,False,True,-105.58,398.73
446,22.30,90.37,95.00,-0.0001,1.00,0.00,KEEP_LANE,-1,999.00,False,True,-104.49,398.12
447,22.35,90.78,95.00,-0.0078,1.00,0.00,KEEP_LANE,-1,999.00,False,True,-103.39,397.51
448,22.40,91.35,95.00,-0.0147,1.00,0.00,KEEP_LANE,-1,999.00,False,True,-102.28,396.89
449,22.45,92.03,95.00,-0.0213,1.00,0.00,KEEP_LANE,-1,999.00,False,True,-101.17,396.26
450,22.50,92.80,95.00,-0.0265,1.00,0.00,KEEP_LANE,-1,999.00,False,True,-100.06,395.63
451,22.55,93.62,95.00,-0.0302,1.00,0.00,KEEP_LANE,-1,999.00,False,True,-98.93,394.98
452,22.60,94.50,95.00,-0.0325,0.71,0.00,KEEP_LANE,-1,999.00,False,True,-97.80,394.32
453,22.65,95.35,95.00,-0.0327,0.00,0.00,KEEP_LANE,-1,999.00,False,True,-96.67,393.65
454,22.70,95.96,95.00,-0.0314,0.00,0.00,KEEP_LANE,-1,999.00,False,True,-95.53,392.97
455,22.75,96.04,95.00,-0.0274,0.00,0.00,KEEP_LANE,-1,999.00,False,True,-94.39,392.28
456,22.80,95.58,95.00,-0.0219,0.00,0.00,KEEP_LANE,-1,999.00,False,True,-93.25,391.58
457,22.85,94.75,95.00,-0.0158,0.54,0.00,KEEP_LANE,-1,999.00,False,True,-92.14,390.88
458,22.90,93.70,95.00,-0.0101,1.00,0.00,KEEP_LANE,-1,999.00,False,True,-91.03,390.17
459,22.95,92.66,95.00,-0.0052,1.00,0.00,KEEP_LANE,-1,999.00,False,True,-89.95,389.47
460,23.00,91.84,95.00,-0.0030,1.00,0.00,KEEP_LANE,-1,999.00,False,True,-88.88,388.76
461,23.05,91.39,95.00,-0.0031,1.00,0.00,KEEP_LANE,-1,999.00,False,True,-87.83,388.05
462,23.10,91.33,95.00,-0.0050,1.00,0.00,KEEP_LANE,-1,999.00,False,True,-86.78,387.34
463,23.15,91.55,95.00,-0.0080,1.00,0.00,KEEP_LANE,-1,999.00,False,True,-85.73,386.62
464,23.20,91.98,95.00,-0.0111,1.00,0.00,KEEP_LANE,-1,999.00,False,True,-84.69,385.89
465,23.25,92.55,95.00,-0.0148,1.00,0.00,KEEP_LANE,-1,999.00,False,True,-83.64,385.15
466,23.30,93.24,95.00,-0.0182,1.00,0.00,KEEP_LANE,-1,999.00,False,True,-82.59,384.39
467,23.35,94.01,95.00,-0.0212,1.00,0.00,KEEP_LANE,-1,999.00,False,True,-81.54,383.63
468,23.40,94.84,95.00,-0.0236,0.37,0.00,KEEP_LANE,-1,999.00,False,True,-80.48,382.85
469,23.45,95.65,95.00,-0.0253,0.00,0.00,KEEP_LANE,-1,999.00,False,True,-79.42,382.07
470,23.50,96.11,95.00,-0.0246,0.00,0.00,KEEP_LANE,-1,999.00,False,True,-78.35,381.26
471,23.55,95.98,95.00,-0.0222,0.00,0.00,KEEP_LANE,-1,999.00,False,True,-77.29,380.46
472,23.60,95.37,95.00,-0.0186,0.00,0.00,KEEP_LANE,-1,999.00,False,True,-76.24,379.64
473,23.65,94.43,95.00,-0.0146,0.87,0.00,KEEP_LANE,-1,999.00,False,True,-75.20,378.83
474,23.70,93.31,95.00,-0.0106,1.00,0.00,KEEP_LANE,-1,999.00,False,True,-74.18,378.02
475,23.75,88.46,95.00,-0.0227,1.00,0.00,KEEP_LANE,-1,999.00,False,True,-73.18,377.26
476,23.80,34.35,95.00,0.3112,1.00,0.00,KEEP_LANE,-1,999.00,False,True,-72.33,376.76
477,23.85,32.79,95.00,0.4655,1.00,0.00,KEEP_LANE,-1,999.00,False,True,-71.98,377.14
478,23.90,31.66,95.00,0.6000,1.00,0.00,KEEP_LANE,-1,999.00,False,True,-71.61,377.49
479,23.95,30.36,95.00,0.6000,1.00,0.00,KEEP_LANE,-1,999.00,False,True,-71.23,377.81
480,24.00,28.80,95.00,1.0000,1.00,0.00,KEEP_LANE,-1,999.00,False,True,-70.84,378.08
481,24.05,26.92,95.00,1.0000,1.00,0.00,KEEP_LANE,-1,999.00,False,True,-70.45,378.31
482,24.10,22.15,95.00,1.0000,1.00,0.00,KEEP_LANE,-1,999.00,False,True,-70.12,378.50
483,24.15,16.77,95.00,1.0000,1.00,0.00,KEEP_LANE,-1,999.00,False,True,-69.88,378.65
484,24.20,12.39,95.00,1.0000,1.00,0.00,KEEP_LANE,-1,999.00,False,True,-69.71,378.77
485,24.25,9.07,95.00,1.0000,1.00,0.00,KEEP_LANE,-1,999.00,False,True,-69.60,378.87
486,24.30,6.68,95.00,1.0000,1.00,0.00,KEEP_LANE,-1,999.00,False,True,-69.55,378.95
487,24.35,4.21,95.00,1.0000,1.00,0.00,KEEP_LANE,-1,999.00,False,True,-69.53,379.01
488,24.40,0.99,95.00,1.0000,1.00,0.00,KEEP_LANE,-1,999.00,False,True,-69.53,379.04
489,24.45,3.39,95.00,1.0000,1.00,0.00,KEEP_LANE,-1,999.00,False,True,-69.54,379.02
490,24.50,7.06,95.00,1.0000,1.00,0.00,KEEP_LANE,-1,999.00,False,True,-69.56,378.95
491,24.55,10.02,95.00,1.0000,1.00,0.00,KEEP_LANE,-1,999.00,False,True,-69.59,378.84
492,24.60,12.40,95.00,1.0000,1.00,0.00,KEEP_LANE,-1,999.00,False,True,-69.63,378.70
493,24.65,14.26,95.00,1.0000,1.00,0.00,KEEP_LANE,-1,999.00,False,True,-69.66,378.52
494,24.70,15.78,95.00,1.0000,1.00,0.00,KEEP_LANE,-1,999.00,False,True,-69.69,378.33
495,24.75,17.09,95.00,1.0000,1.00,0.00,KEEP_LANE,-1,999.00,False,True,-69.70,378.11
496,24.80,18.25,95.00,1.0000,1.00,0.00,KEEP_LANE,-1,999.00,False,True,-69.70,377.87
497,24.85,19.33,95.00,1.0000,1.00,0.00,KEEP_LANE,-1,999.00,False,True,-69.68,377.63
498,24.90,20.34,95.00,1.0000,1.00,0.00,KEEP_LANE,-1,999.00,False,True,-69.64,377.37
499,24.95,21.29,95.00,1.0000,1.00,0.00,KEEP_LANE,-1,999.00,False,True,-69.58,377.10
500,25.00,21.89,95.00,1.0000,1.00,0.00,KEEP_LANE,-1,999.00,False,True,-69.49,376.82
501,25.05,22.48,95.00,1.0000,1.00,0.00,KEEP_LANE,-1,999.00,False,True,-69.38,376.55
502,25.10,23.10,95.00,0.9494,1.00,0.00,KEEP_LANE,-1,999.00,False,True,-69.24,376.28
503,25.15,23.95,95.00,0.8499,1.00,0.00,KEEP_LANE,-1,999.00,False,True,-69.08,376.02
504,25.20,25.08,95.00,0.7533,1.00,0.00,KEEP_LANE,-1,999.00,False,True,-68.88,375.75
505,25.25,26.39,95.00,0.6621,1.00,0.00,KEEP_LANE,-1,999.00,False,True,-68.66,375.48
506,25.30,27.76,95.00,0.5773,1.00,0.00,KEEP_LANE,-1,999.00,False,True,-68.41,375.21
507,25.35,29.18,95.00,0.4986,1.00,0.00,KEEP_LANE,-1,999.00,False,True,-68.13,374.94
508,25.40,30.44,95.00,0.4192,1.00,0.00,KEEP_LANE,-1,999.00,False,True,-67.82,374.66
509,25.45,31.92,95.00,0.3461,1.00,0.00,KEEP_LANE,-1,999.00,False,True,-67.49,374.39
510,25.50,33.36,95.00,0.2677,1.00,0.00,KEEP_LANE,-1,999.00,False,True,-67.13,374.12
511,25.55,34.78,95.00,0.1739,1.00,0.00,KEEP_LANE,-1,999.00,False,True,-66.74,373.85
512,25.60,36.16,95.00,0.0936,1.00,0.00,KEEP_LANE,-1,999.00,False,True,-66.33,373.58
513,25.65,37.52,95.00,0.0295,1.00,0.00,KEEP_LANE,-1,999.00,False,True,-65.90,373.30
514,25.70,38.81,95.00,-0.0197,1.00,0.00,KEEP_LANE,-1,999.00,False,True,-65.45,373.01
515,25.75,40.05,95.00,-0.0552,1.00,0.00,KEEP_LANE,-1,999.00,False,True,-64.99,372.71
516,25.80,41.28,95.00,-0.0919,1.00,0.00,KEEP_LANE,-1,999.00,False,True,-64.51,372.40
517,25.85,42.44,95.00,-0.1128,1.00,0.00,KEEP_LANE,-1,999.00,False,True,-64.03,372.08
518,25.90,43.57,95.00,-0.1194,1.00,0.00,KEEP_LANE,-1,999.00,False,True,-63.53,371.74
519,25.95,44.71,95.00,-0.1180,1.00,0.00,KEEP_LANE,-1,999.00,False,True,-63.03,371.39
520,26.00,45.85,95.00,-0.1110,1.00,0.00,KEEP_LANE,-1,999.00,False,True,-62.52,371.02
521,26.05,47.00,95.00,-0.1001,1.00,0.00,KEEP_LANE,-1,999.00,False,True,-62.01,370.62
522,26.10,48.13,95.00,-0.0838,1.00,0.00,KEEP_LANE,-1,999.00,False,True,-61.49,370.21
523,26.15,49.29,95.00,-0.0696,1.00,0.00,KEEP_LANE,-1,999.00,False,True,-60.97,369.78
524,26.20,50.44,95.00,-0.0557,1.00,0.00,KEEP_LANE,-1,999.00,False,True,-60.44,369.33
525,26.25,51.58,95.00,-0.0411,1.00,0.00,KEEP_LANE,-1,999.00,False,True,-59.91,368.85
526,26.30,52.74,95.00,-0.0291,1.00,0.00,KEEP_LANE,-1,999.00,False,True,-59.38,368.37
527,26.35,53.89,95.00,-0.0201,1.00,0.00,KEEP_LANE,-1,999.00,False,True,-58.83,367.86
528,26.40,55.05,95.00,-0.0136,1.00,0.00,KEEP_LANE,-1,999.00,False,True,-58.28,367.34
529,26.45,56.19,95.00,-0.0095,1.00,0.00,KEEP_LANE,-1,999.00,False,True,-57.73,366.80
530,26.50,57.34,95.00,-0.0074,1.00,0.00,KEEP_LANE,-1,999.00,False,True,-57.16,366.24
531,26.55,58.48,95.00,-0.0072,1.00,0.00,KEEP_LANE,-1,999.00,False,True,-56.59,365.68
532,26.60,59.62,95.00,-0.0074,1.00,0.00,KEEP_LANE,-1,999.00,False,True,-56.01,365.09
533,26.65,60.76,95.00,-0.0102,1.00,0.00,KEEP_LANE,-1,999.00,False,True,-55.42,364.50
534,26.70,61.90,95.00,-0.0135,1.00,0.00,KEEP_LANE,-1,999.00,False,True,-54.83,363.89
535,26.75,63.03,95.00,-0.0168,1.00,0.00,KEEP_LANE,-1,999.00,False,True,-54.22,363.27
536,26.80,64.15,95.00,-0.0198,1.00,0.00,KEEP_LANE,-1,999.00,False,True,-53.61,362.63
537,26.85,65.28,95.00,-0.0223,1.00,0.00,KEEP_LANE,-1,999.00,False,True,-52.98,361.98
538,26.90,66.39,95.00,-0.0242,1.00,0.00,KEEP_LANE,-1,999.00,False,True,-52.35,361.32
539,26.95,67.51,95.00,-0.0255,1.00,0.00,KEEP_LANE,-1,999.00,False,True,-51.71,360.64
540,27.00,68.62,95.00,-0.0254,1.00,0.00,KEEP_LANE,-1,999.00,False,True,-51.07,359.94
541,27.05,69.73,95.00,-0.0260,1.00,0.00,KEEP_LANE,-1,999.00,False,True,-50.42,359.23
542,27.10,70.84,95.00,-0.0257,1.00,0.00,KEEP_LANE,-1,999.00,False,True,-49.76,358.51
543,27.15,71.94,95.00,-0.0249,1.00,0.00,KEEP_LANE,-1,999.00,False,True,-49.10,357.77
544,27.20,73.04,95.00,-0.0238,1.00,0.00,KEEP_LANE,-1,999.00,False,True,-48.43,357.01
545,27.25,74.14,95.00,-0.0225,1.00,0.00,KEEP_LANE,-1,999.00,False,True,-47.76,356.24
546,27.30,75.24,95.00,-0.0212,1.00,0.00,KEEP_LANE,-1,999.00,False,True,-47.08,355.45
547,27.35,76.33,95.00,-0.0192,1.00,0.00,KEEP_LANE,-1,999.00,False,True,-46.40,354.65
548,27.40,77.42,95.00,-0.0186,1.00,0.00,KEEP_LANE,-1,999.00,False,True,-45.72,353.83
549,27.45,78.51,95.00,-0.0179,1.00,0.00,KEEP_LANE,-1,999.00,False,True,-45.03,352.99
550,27.50,79.60,95.00,-0.0175,1.00,0.00,KEEP_LANE,-1,999.00,False,True,-44.33,352.14
551,27.55,80.68,95.00,-0.0173,1.00,0.00,KEEP_LANE,-1,999.00,False,True,-43.64,351.27
552,27.60,81.77,95.00,-0.0172,1.00,0.00,KEEP_LANE,-1,999.00,False,True,-42.94,350.38
553,27.65,82.85,95.00,-0.0173,1.00,0.00,KEEP_LANE,-1,999.00,False,True,-42.23,349.48
554,27.70,83.92,95.00,-0.0168,1.00,0.00,KEEP_LANE,-1,999.00,False,True,-41.53,348.56
555,27.75,85.00,95.00,-0.0175,1.00,0.00,KEEP_LANE,-1,999.00,False,True,-40.82,347.62
556,27.80,86.07,95.00,-0.0179,1.00,0.00,KEEP_LANE,-1,999.00,False,True,-40.10,346.67
557,27.85,87.14,95.00,-0.0184,1.00,0.00,KEEP_LANE,-1,999.00,False,True,-39.39,345.70
558,27.90,88.21,95.00,-0.0187,1.00,0.00,KEEP_LANE,-1,999.00,False,True,-38.67,344.72
559,27.95,89.27,95.00,-0.0184,1.00,0.00,KEEP_LANE,-1,999.00,False,True,-37.95,343.72
560,28.00,90.33,95.00,-0.0189,1.00,0.00,KEEP_LANE,-1,999.00,False,True,-37.23,342.70
561,28.05,91.39,95.00,-0.0191,1.00,0.00,KEEP_LANE,-1,999.00,False,True,-36.50,341.66
562,28.10,92.44,95.00,-0.0191,1.00,0.00,KEEP_LANE,-1,999.00,False,True,-35.78,340.61
563,28.15,93.50,95.00,-0.0191,1.00,0.00,KEEP_LANE,-1,999.00,False,True,-35.05,339.54
564,28.20,94.54,95.00,-0.0190,0.65,0.00,KEEP_LANE,-1,999.00,False,True,-34.33,338.45
565,28.25,95.53,95.00,-0.0180,0.00,0.00,KEEP_LANE,-1,999.00,False,True,-33.60,337.35
566,28.30,96.23,95.00,-0.0172,0.00,0.00,KEEP_LANE,-1,999.00,False,True,-32.87,336.23
567,28.35,96.34,95.00,-0.0148,0.00,0.00,KEEP_LANE,-1,999.00,False,True,-32.15,335.10
568,28.40,95.91,95.00,-0.0117,0.00,0.00,KEEP_LANE,-1,999.00,False,True,-31.44,333.97
569,28.45,95.09,95.00,-0.0087,0.00,0.00,KEEP_LANE,-1,999.00,False,True,-30.74,332.85
570,28.50,94.01,95.00,-0.0053,1.00,0.00,KEEP_LANE,-1,999.00,False,True,-30.06,331.73
571,28.55,92.79,95.00,-0.0034,1.00,0.00,KEEP_LANE,-1,999.00,False,True,-29.39,330.62
572,28.60,91.63,95.00,-0.0024,1.00,0.00,KEEP_LANE,-1,999.00,False,True,-28.73,329.52
573,28.65,90.72,95.00,-0.0029,1.00,0.00,KEEP_LANE,-1,999.00,False,True,-28.09,328.43
574,28.70,90.22,95.00,-0.0051,1.00,0.00,KEEP_LANE,-1,999.00,False,True,-27.46,327.35
575,28.75,90.12,95.00,-0.0080,1.00,0.00,KEEP_LANE,-1,999.00,False,True,-26.83,326.26
576,28.80,90.31,95.00,-0.0117,1.00,0.00,KEEP_LANE,-1,999.00,False,True,-26.21,325.17
577,28.85,90.72,95.00,-0.0152,1.00,0.00,KEEP_LANE,-1,999.00,False,True,-25.59,324.08
578,28.90,91.29,95.00,-0.0183,1.00,0.00,KEEP_LANE,-1,999.00,False,True,-24.98,322.97
579,28.95,91.97,95.00,-0.0208,1.00,0.00,KEEP_LANE,-1,999.00,False,True,-24.36,321.86
580,29.00,92.73,95.00,-0.0227,1.00,0.00,KEEP_LANE,-1,999.00,False,True,-23.75,320.73
581,29.05,93.56,95.00,-0.0235,1.00,0.00,KEEP_LANE,-1,999.00,False,True,-23.13,319.59
582,29.10,94.43,95.00,-0.0245,0.78,0.00,KEEP_LANE,-1,999.00,False,True,-22.52,318.44
583,29.15,95.29,95.00,-0.0245,0.00,0.00,KEEP_LANE,-1,999.00,False,True,-21.90,317.27
584,29.20,95.95,95.00,-0.0234,0.00,0.00,KEEP_LANE,-1,999.00,False,True,-21.29,316.09
585,29.25,96.13,95.00,-0.0206,0.00,0.00,KEEP_LANE,-1,999.00,False,True,-20.69,314.90
586,29.30,95.74,95.00,-0.0161,0.00,0.00,KEEP_LANE,-1,999.00,False,True,-20.09,313.71
587,29.35,94.95,95.00,-0.0120,0.34,0.00,KEEP_LANE,-1,999.00,False,True,-19.51,312.52
588,29.40,93.93,95.00,-0.0080,1.00,0.00,KEEP_LANE,-1,999.00,False,True,-18.94,311.34
589,29.45,92.92,95.00,-0.0052,1.00,0.00,KEEP_LANE,-1,999.00,False,True,-18.39,310.17
590,29.50,89.19,95.00,-0.0132,1.00,0.00,KEEP_LANE,-1,999.00,False,True,-17.83,309.04
591,29.55,87.88,95.00,-0.0442,1.00,0.00,KEEP_LANE,-1,999.00,False,True,-17.28,307.94
592,29.60,87.26,95.00,-0.0619,1.00,0.00,KEEP_LANE,-1,999.00,False,True,-16.73,306.86
593,29.65,87.61,95.00,-0.0676,1.00,0.00,KEEP_LANE,-1,999.00,False,True,-16.19,305.77
594,29.70,88.14,95.00,-0.0649,1.00,0.00,KEEP_LANE,-1,999.00,False,True,-15.66,304.67
595,29.75,88.80,95.00,-0.0587,1.00,0.00,KEEP_LANE,-1,999.00,False,True,-15.13,303.56
596,29.80,89.56,95.00,-0.0508,1.00,0.00,KEEP_LANE,-1,999.00,False,True,-14.61,302.44
597,29.85,90.37,95.00,-0.0425,1.00,0.00,KEEP_LANE,-1,999.00,False,True,-14.09,301.30
598,29.90,91.23,95.00,-0.0341,1.00,0.00,KEEP_LANE,-1,999.00,False,True,-13.58,300.14
599,29.95,92.13,95.00,-0.0276,1.00,0.00,KEEP_LANE,-1,999.00,False,True,-13.08,298.97
600,30.00,93.05,95.00,-0.0219,1.00,0.00,KEEP_LANE,-1,999.00,False,True,-12.59,297.78
601,30.05,94.00,95.00,-0.0167,1.00,0.00,KEEP_LANE,-1,999.00,False,True,-12.10,296.58
602,30.10,94.96,95.00,-0.0121,0.24,0.00,KEEP_LANE,-1,999.00,False,True,-11.63,295.35
603,30.15,95.88,95.00,-0.0080,0.00,0.00,KEEP_LANE,-1,999.00,False,True,-11.16,294.11
604,30.20,96.44,95.00,-0.0049,0.00,0.00,KEEP_LANE,-1,999.00,False,True,-10.70,292.85
605,30.25,96.39,95.00,-0.0018,0.00,0.00,KEEP_LANE,-1,999.00,False,True,-10.26,291.59
606,30.30,95.84,95.00,0.0005,0.00,0.00,KEEP_LANE,-1,999.00,False,True,-9.82,290.33
607,30.35,94.94,95.00,0.0017,0.36,0.00,KEEP_LANE,-1,999.00,False,True,-9.40,289.07
608,30.40,93.84,95.00,0.0024,1.00,0.00,KEEP_LANE,-1,999.00,False,True,-8.99,287.83
609,30.45,92.77,95.00,0.0005,1.00,0.00,KEEP_LANE,-1,999.00,False,True,-8.60,286.60
610,30.50,89.38,95.00,0.0005,1.00,0.00,KEEP_LANE,-1,999.00,False,True,-8.21,285.38
611,30.55,87.92,95.00,-0.0401,1.00,0.00,KEEP_LANE,-1,999.00,False,True,-7.80,284.23
612,30.60,87.13,95.00,-0.0623,1.00,0.00,KEEP_LANE,-1,999.00,False,True,-7.39,283.09
613,30.65,87.47,95.00,-0.0720,1.00,0.00,KEEP_LANE,-1,999.00,False,True,-6.99,281.94
614,30.70,87.99,95.00,-0.0704,1.00,0.00,KEEP_LANE,-1,999.00,False,True,-6.60,280.79
615,30.75,88.64,95.00,-0.0659,1.00,0.00,KEEP_LANE,-1,999.00,False,True,-6.21,279.62
616,30.80,89.39,95.00,-0.0581,1.00,0.00,KEEP_LANE,-1,999.00,False,True,-5.83,278.44
617,30.85,90.20,95.00,-0.0492,1.00,0.00,KEEP_LANE,-1,999.00,False,True,-5.45,277.25
618,30.90,91.06,95.00,-0.0402,1.00,0.00,KEEP_LANE,-1,999.00,False,True,-5.09,276.05
619,30.95,91.95,95.00,-0.0319,1.00,0.00,KEEP_LANE,-1,999.00,False,True,-4.73,274.83
620,31.00,92.87,95.00,-0.0249,1.00,0.00,KEEP_LANE,-1,999.00,False,True,-4.39,273.59
621,31.05,93.80,95.00,-0.0177,1.00,0.00,KEEP_LANE,-1,999.00,False,True,-4.06,272.33
622,31.10,94.76,95.00,-0.0120,0.44,0.00,KEEP_LANE,-1,999.00,False,True,-3.74,271.06
623,31.15,95.67,95.00,-0.0072,0.00,0.00,KEEP_LANE,-1,999.00,False,True,-3.43,269.77
624,31.20,96.23,95.00,-0.0030,0.00,0.00,KEEP_LANE,-1,999.00,False,True,-3.13,268.47
625,31.25,96.18,95.00,0.0010,0.00,0.00,KEEP_LANE,-1,999.00,False,True,-2.85,267.17
626,31.30,95.63,95.00,0.0043,0.00,0.00,KEEP_LANE,-1,999.00,False,True,-2.58,265.86
627,31.35,94.73,95.00,0.0055,0.56,0.00,KEEP_LANE,-1,999.00,False,True,-2.32,264.57
628,31.40,93.64,95.00,0.0054,1.00,0.00,KEEP_LANE,-1,999.00,False,True,-2.07,263.28
629,31.45,89.04,95.00,-0.0248,1.00,0.00,KEEP_LANE,-1,999.00,False,True,-1.80,262.07
630,31.50,86.85,95.00,-0.0457,1.00,0.00,KEEP_LANE,-1,999.00,False,True,-1.53,260.88
631,31.55,85.49,95.00,-0.0645,1.00,0.00,KEEP_LANE,-1,999.00,False,True,-1.26,259.72
632,31.60,84.47,95.00,-0.0805,1.00,0.00,KEEP_LANE,-1,999.00,False,True,-0.99,258.57
633,31.65,84.62,95.00,-0.0904,1.00,0.00,KEEP_LANE,-1,999.00,False,True,-0.72,257.43
634,31.70,85.18,95.00,-0.0854,1.00,0.00,KEEP_LANE,-1,999.00,False,True,-0.46,256.28
635,31.75,85.87,95.00,-0.0743,1.00,0.00,KEEP_LANE,-1,999.00,False,True,-0.20,255.12
636,31.80,86.65,95.00,-0.0610,1.00,0.00,KEEP_LANE,-1,999.00,False,True,0.04,253.95
637,31.85,87.49,95.00,-0.0473,1.00,0.00,KEEP_LANE,-1,999.00,False,True,0.27,252.76
638,31.90,88.37,95.00,-0.0339,1.00,0.00,KEEP_LANE,-1,999.00,False,True,0.49,251.55
639,31.95,89.28,95.00,-0.0218,1.00,0.00,KEEP_LANE,-1,999.00,False,True,0.69,250.34
640,32.00,90.22,95.00,-0.0108,1.00,0.00,KEEP_LANE,-1,999.00,False,True,0.88,249.10
641,32.05,91.18,95.00,-0.0015,1.00,0.00,KEEP_LANE,-1,999.00,False,True,1.06,247.85
642,32.10,92.17,95.00,0.0057,1.00,0.00,KEEP_LANE,-1,999.00,False,True,1.22,246.59
643,32.15,93.17,95.00,0.0116,1.00,0.00,KEEP_LANE,-1,999.00,False,True,1.38,245.31
644,32.20,94.19,95.00,0.0150,1.00,0.00,KEEP_LANE,-1,999.00,False,True,1.52,244.02
645,32.25,95.23,95.00,0.0147,0.00,0.00,KEEP_LANE,-1,999.00,False,True,1.65,242.71
646,32.30,96.21,95.00,0.0123,0.00,0.00,KEEP_LANE,-1,999.00,False,True,1.78,241.38
647,32.35,96.82,95.00,0.0088,0.00,0.00,KEEP_LANE,-1,999.00,False,True,1.90,240.04
648,32.40,96.80,95.00,0.0051,0.00,0.00,KEEP_LANE,-1,999.00,False,True,2.02,238.70
649,32.45,96.26,95.00,0.0010,0.00,0.00,KEEP_LANE,-1,999.00,False,True,2.13,237.37
650,32.50,95.37,95.00,-0.0030,0.00,0.00,KEEP_LANE,-1,999.00,False,True,2.24,236.04
651,32.55,94.25,95.00,-0.0060,0.78,0.00,KEEP_LANE,-1,999.00,False,True,2.35,234.73
652,32.60,93.00,95.00,-0.0083,1.00,0.00,KEEP_LANE,-1,999.00,False,True,2.46,233.44
653,32.65,91.81,95.00,-0.0099,1.00,0.00,KEEP_LANE,-1,999.00,False,True,2.56,232.16
654,32.70,90.89,95.00,-0.0109,1.00,0.00,KEEP_LANE,-1,999.00,False,True,2.67,230.90
655,32.75,90.37,95.00,-0.0117,1.00,0.00,KEEP_LANE,-1,999.00,False,True,2.77,229.64
656,32.80,90.26,95.00,-0.0118,1.00,0.00,KEEP_LANE,-1,999.00,False,True,2.86,228.39
657,32.85,90.45,95.00,-0.0114,1.00,0.00,KEEP_LANE,-1,999.00,False,True,2.96,227.14
658,32.90,90.86,95.00,-0.0105,1.00,0.00,KEEP_LANE,-1,999.00,False,True,3.05,225.89
659,32.95,91.42,95.00,-0.0093,1.00,0.00,KEEP_LANE,-1,999.00,False,True,3.14,224.62
660,33.00,92.10,95.00,-0.0077,1.00,0.00,KEEP_LANE,-1,999.00,False,True,3.23,223.35
661,33.05,92.87,95.00,-0.0064,1.00,0.00,KEEP_LANE,-1,999.00,False,True,3.31,222.07
662,33.10,93.70,95.00,-0.0051,1.00,0.00,KEEP_LANE,-1,999.00,False,True,3.39,220.77
663,33.15,94.59,95.00,-0.0040,0.62,0.00,KEEP_LANE,-1,999.00,False,True,3.47,219.47
664,33.20,95.44,95.00,-0.0032,0.00,0.00,KEEP_LANE,-1,999.00,False,True,3.55,218.15
665,33.25,96.01,95.00,-0.0024,0.00,0.00,KEEP_LANE,-1,999.00,False,True,3.62,216.82
666,33.30,96.01,95.00,-0.0015,0.00,0.00,KEEP_LANE,-1,999.00,False,True,3.69,215.49
667,33.35,95.49,95.00,-0.0008,0.00,0.00,KEEP_LANE,-1,999.00,False,True,3.75,214.16
668,33.40,94.61,95.00,-0.0002,0.68,0.00,KEEP_LANE,-1,999.00,False,True,3.82,212.84
669,33.45,93.54,95.00,0.0001,1.00,0.00,KEEP_LANE,-1,999.00,False,True,3.88,211.54
670,33.50,92.48,95.00,0.0001,1.00,0.00,KEEP_LANE,-1,999.00,False,True,3.93,210.25
671,33.55,91.65,95.00,-0.0004,1.00,0.00,KEEP_LANE,-1,999.00,False,True,3.99,208.97
672,33.60,91.21,95.00,-0.0012,1.00,0.00,KEEP_LANE,-1,999.00,False,True,4.04,207.71
673,33.65,91.16,95.00,-0.0022,1.00,0.00,KEEP_LANE,-1,999.00,False,True,4.09,206.44
674,33.70,91.38,95.00,-0.0031,1.00,0.00,KEEP_LANE,-1,999.00,False,True,4.14,205.17
675,33.75,91.82,95.00,-0.0038,1.00,0.00,KEEP_LANE,-1,999.00,False,True,4.19,203.90
676,33.80,92.40,95.00,-0.0043,1.00,0.00,KEEP_LANE,-1,999.00,False,True,4.24,202.62
677,33.85,93.10,95.00,-0.0046,1.00,0.00,KEEP_LANE,-1,999.00,False,True,4.29,201.33
678,33.90,93.87,95.00,-0.0047,1.00,0.00,KEEP_LANE,-1,999.00,False,True,4.33,200.04
679,33.95,94.71,95.00,-0.0046,0.49,0.00,KEEP_LANE,-1,999.00,False,True,4.38,198.73
680,34.00,95.54,95.00,-0.0044,0.00,0.00,KEEP_LANE,-1,999.00,False,True,4.42,197.40
681,34.05,96.02,95.00,-0.0038,0.00,0.00,KEEP_LANE,-1,999.00,False,True,4.46,196.07
682,34.10,95.89,95.00,-0.0030,0.00,0.00,KEEP_LANE,-1,999.00,False,True,4.50,194.74
683,34.15,95.28,95.00,-0.0021,0.00,0.00,KEEP_LANE,-1,999.00,False,True,4.54,193.41
684,34.20,94.35,95.00,-0.0013,0.95,0.00,KEEP_LANE,-1,999.00,False,True,4.58,192.10
685,34.25,93.20,95.00,-0.0004,1.00,0.00,KEEP_LANE,-1,999.00,False,True,4.61,190.80
686,34.30,91.93,95.00,0.0002,1.00,0.00,KEEP_LANE,-1,999.00,False,True,4.64,189.52
687,34.35,90.74,95.00,0.0006,1.00,0.00,KEEP_LANE,-1,999.00,False,True,4.68,188.25
688,34.40,89.81,95.00,0.0006,1.00,0.00,KEEP_LANE,-1,999.00,False,True,4.70,187.00
689,34.45,89.30,95.00,0.0002,1.00,0.00,KEEP_LANE,-1,999.00,False,True,4.73,185.75
690,34.50,89.20,95.00,-0.0003,1.00,0.00,KEEP_LANE,-1,999.00,False,True,4.76,184.52
691,34.55,89.39,95.00,-0.0009,1.00,0.00,KEEP_LANE,-1,999.00,False,True,4.78,183.28
692,34.60,89.81,95.00,-0.0015,1.00,0.00,KEEP_LANE,-1,999.00,False,True,4.81,182.03
693,34.65,90.38,95.00,-0.0020,1.00,0.00,KEEP_LANE,-1,999.00,False,True,4.84,180.78
694,34.70,91.07,95.00,-0.0024,1.00,0.00,KEEP_LANE,-1,999.00,False,True,4.86,179.52
695,34.75,91.85,95.00,-0.0027,1.00,0.00,KEEP_LANE,-1,999.00,False,True,4.88,178.25
696,34.80,92.69,95.00,-0.0028,1.00,0.00,KEEP_LANE,-1,999.00,False,True,4.91,176.97
697,34.85,93.58,95.00,-0.0029,1.00,0.00,KEEP_LANE,-1,999.00,False,True,4.93,175.67
698,34.90,94.50,95.00,-0.0028,0.70,0.00,KEEP_LANE,-1,999.00,False,True,4.95,174.36
699,34.95,95.40,95.00,-0.0026,0.00,0.00,KEEP_LANE,-1,999.00,False,True,4.97,173.04
700,35.00,96.05,95.00,-0.0023,0.00,0.00,KEEP_LANE,-1,999.00,False,True,4.99,171.71
701,35.05,96.16,95.00,-0.0018,0.00,0.00,KEEP_LANE,-1,999.00,False,True,5.01,170.38
702,35.10,95.71,95.00,-0.0013,0.00,0.00,KEEP_LANE,-1,999.00,False,True,5.03,169.05
703,35.15,94.89,95.00,-0.0007,0.40,0.00,KEEP_LANE,-1,999.00,False,True,5.05,167.72
704,35.20,93.85,95.00,-0.0003,1.00,0.00,KEEP_LANE,-1,999.00,False,True,5.06,166.41
705,35.25,92.82,95.00,0.0000,1.00,0.00,KEEP_LANE,-1,999.00,False,True,5.08,165.12
706,35.30,92.01,95.00,0.0001,1.00,0.00,KEEP_LANE,-1,999.00,False,True,5.09,163.84
707,35.35,91.58,95.00,0.0001,1.00,0.00,KEEP_LANE,-1,999.00,False,True,5.11,162.56
708,35.40,91.53,95.00,-0.0001,1.00,0.00,KEEP_LANE,-1,999.00,False,True,5.12,161.29
709,35.45,91.76,95.00,-0.0004,1.00,0.00,KEEP_LANE,-1,999.00,False,True,5.13,160.02
710,35.50,92.20,95.00,-0.0007,1.00,0.00,KEEP_LANE,-1,999.00,False,True,5.14,158.74
711,35.55,92.79,95.00,-0.0009,1.00,0.00,KEEP_LANE,-1,999.00,False,True,5.15,157.46
712,35.60,93.49,95.00,-0.0011,1.00,0.00,KEEP_LANE,-1,999.00,False,True,5.16,156.16
713,35.65,94.26,95.00,-0.0013,0.95,0.00,KEEP_LANE,-1,999.00,False,True,5.17,154.86
714,35.70,95.09,95.00,-0.0014,0.00,0.00,KEEP_LANE,-1,999.00,False,True,5.18,153.54
715,35.75,95.86,95.00,-0.0014,0.00,0.00,KEEP_LANE,-1,999.00,False,True,5.19,152.21
716,35.80,96.25,95.00,-0.0013,0.00,0.00,KEEP_LANE,-1,999.00,False,True,5.20,150.88
717,35.85,96.05,95.00,-0.0011,0.00,0.00,KEEP_LANE,-1,999.00,False,True,5.21,149.54
718,35.90,95.38,95.00,-0.0009,0.00,0.00,KEEP_LANE,-1,999.00,False,True,5.22,148.21
719,35.95,94.41,95.00,-0.0006,0.85,0.00,KEEP_LANE,-1,999.00,False,True,5.23,146.90
720,36.00,93.27,95.00,-0.0004,1.00,0.00,KEEP_LANE,-1,999.00,False,True,5.23,145.60
721,36.05,92.17,95.00,-0.0002,1.00,0.00,KEEP_LANE,-1,999.00,False,True,5.24,144.31
722,36.10,91.30,95.00,-0.0001,1.00,0.00,KEEP_LANE,-1,999.00,False,True,5.25,143.04
723,36.15,90.84,95.00,-0.0001,1.00,0.00,KEEP_LANE,-1,999.00,False,True,5.25,141.77
724,36.20,90.76,95.00,-0.0002,1.00,0.00,KEEP_LANE,-1,999.00,False,True,5.26,140.51
725,36.25,90.97,95.00,-0.0003,1.00,0.00,KEEP_LANE,-1,999.00,False,True,5.26,139.25
726,36.30,91.40,95.00,-0.0004,1.00,0.00,KEEP_LANE,-1,999.00,False,True,5.27,137.98
727,36.35,91.98,95.00,-0.0005,1.00,0.00,KEEP_LANE,-1,999.00,False,True,5.27,136.71
728,36.40,92.67,95.00,-0.0006,1.00,0.00,KEEP_LANE,-1,999.00,False,True,5.27,135.43
729,36.45,93.45,95.00,-0.0007,1.00,0.00,KEEP_LANE,-1,999.00,False,True,5.28,134.13
730,36.50,94.28,95.00,-0.0008,0.92,0.00,KEEP_LANE,-1,999.00,False,True,5.28,132.83
731,36.55,95.15,95.00,-0.0008,0.00,0.00,KEEP_LANE,-1,999.00,False,True,5.28,131.51
732,36.60,95.93,95.00,-0.0008,0.00,0.00,KEEP_LANE,-1,999.00,False,True,5.29,130.18
733,36.65,96.32,95.00,-0.0007,0.00,0.00,KEEP_LANE,-1,999.00,False,True,5.29,128.85
734,36.70,96.10,95.00,-0.0006,0.00,0.00,KEEP_LANE,-1,999.00,False,True,5.29,127.51
735,36.75,95.42,95.00,-0.0004,0.00,0.00,KEEP_LANE,-1,999.00,False,True,5.29,126.18
736,36.80,94.45,95.00,-0.0003,0.81,0.00,KEEP_LANE,-1,999.00,False,True,5.30,124.86
737,36.85,93.30,95.00,-0.0002,1.00,0.00,KEEP_LANE,-1,999.00,False,True,5.30,123.56
738,36.90,92.20,95.00,-0.0001,1.00,0.00,KEEP_LANE,-1,999.00,False,True,5.30,122.27
739,36.95,91.33,95.00,-0.0001,1.00,0.00,KEEP_LANE,-1,999.00,False,True,5.30,121.00
740,37.00,90.86,95.00,-0.0001,1.00,0.00,KEEP_LANE,-1,999.00,False,True,5.30,119.74
741,37.05,90.78,95.00,-0.0001,1.00,0.00,KEEP_LANE,-1,999.00,False,True,5.30,118.48
742,37.10,90.99,95.00,-0.0002,1.00,0.00,KEEP_LANE,-1,999.00,False,True,5.30,117.21
743,37.15,91.42,95.00,-0.0003,1.00,0.00,KEEP_LANE,-1,999.00,False,True,5.30,115.95
744,37.20,92.00,95.00,-0.0003,1.00,0.00,KEEP_LANE,-1,999.00,False,True,5.30,114.67
745,37.25,92.69,95.00,-0.0004,1.00,0.00,KEEP_LANE,-1,999.00,False,True,5.30,113.39
746,37.30,93.46,95.00,-0.0004,1.00,0.00,KEEP_LANE,-1,999.00,False,True,5.30,112.10
747,37.35,94.30,95.00,-0.0005,0.91,0.00,KEEP_LANE,-1,999.00,False,True,5.30,110.79
748,37.40,95.16,95.00,-0.0005,0.00,0.00,KEEP_LANE,-1,999.00,False,True,5.30,109.47
749,37.45,95.93,95.00,-0.0005,0.00,0.00,KEEP_LANE,-1,999.00,False,True,5.30,108.15
750,37.50,96.28,95.00,-0.0004,0.00,0.00,KEEP_LANE,-1,999.00,False,True,5.29,106.81
751,37.55,96.04,95.00,-0.0003,0.00,0.00,KEEP_LANE,-1,999.00,False,True,5.29,105.47
752,37.60,95.35,95.00,-0.0002,0.00,0.00,KEEP_LANE,-1,999.00,False,True,5.29,104.15
753,37.65,94.36,95.00,-0.0002,0.91,0.00,KEEP_LANE,-1,999.00,False,True,5.29,102.83
754,37.70,93.21,95.00,-0.0001,1.00,0.00,KEEP_LANE,-1,999.00,False,True,5.29,101.53
755,37.75,92.10,95.00,-0.0000,1.00,0.00,KEEP_LANE,-1,999.00,False,True,5.28,100.24
756,37.80,91.23,95.00,-0.0000,1.00,0.00,KEEP_LANE,-1,999.00,False,True,5.28,98.97
757,37.85,90.75,95.00,-0.0000,1.00,0.00,KEEP_LANE,-1,999.00,False,True,5.28,97.71
758,37.90,90.67,95.00,-0.0001,1.00,0.00,KEEP_LANE,-1,999.00,False,True,5.28,96.45
759,37.95,90.89,95.00,-0.0001,1.00,0.00,KEEP_LANE,-1,999.00,False,True,5.27,95.19
760,38.00,91.31,95.00,-0.0002,1.00,0.00,KEEP_LANE,-1,999.00,False,True,5.27,93.92
761,38.05,91.89,95.00,-0.0002,1.00,0.00,KEEP_LANE,-1,999.00,False,True,5.27,92.65
762,38.10,92.58,95.00,-0.0002,1.00,0.00,KEEP_LANE,-1,999.00,False,True,5.27,91.37
763,38.15,93.35,95.00,-0.0003,1.00,0.00,KEEP_LANE,-1,999.00,False,True,5.26,90.08
764,38.20,94.19,95.00,-0.0003,1.00,0.00,KEEP_LANE,-1,999.00,False,True,5.26,88.77
765,38.25,95.08,95.00,-0.0003,0.00,0.00,KEEP_LANE,-1,999.00,False,True,5.26,87.46
766,38.30,95.94,95.00,-0.0003,0.00,0.00,KEEP_LANE,-1,999.00,False,True,5.25,86.13
767,38.35,96.45,95.00,-0.0002,0.00,0.00,KEEP_LANE,-1,999.00,False,True,5.25,84.79
768,38.40,96.34,95.00,-0.0002,0.00,0.00,KEEP_LANE,-1,999.00,False,True,5.25,83.45
769,38.45,95.74,95.00,-0.0002,0.00,0.00,KEEP_LANE,-1,999.00,False,True,5.24,82.12
770,38.50,94.82,95.00,-0.0001,0.41,0.00,KEEP_LANE,-1,999.00,False,True,5.24,80.80
771,38.55,93.71,95.00,-0.0001,1.00,0.00,KEEP_LANE,-1,999.00,False,True,5.23,79.49
772,38.60,92.63,95.00,-0.0000,1.00,0.00,KEEP_LANE,-1,999.00,False,True,5.23,78.20
773,38.65,91.78,95.00,-0.0000,1.00,0.00,KEEP_LANE,-1,999.00,False,True,5.23,76.92
774,38.70,91.32,95.00,-0.0000,1.00,0.00,KEEP_LANE,-1,999.00,False,True,5.22,75.65
775,38.75,91.25,95.00,-0.0000,1.00,0.00,KEEP_LANE,-1,999.00,False,True,5.22,74.38
776,38.80,91.47,95.00,-0.0001,1.00,0.00,KEEP_LANE,-1,999.00,False,True,5.21,73.11
777,38.85,91.89,95.00,-0.0001,1.00,0.00,KEEP_LANE,-1,999.00,False,True,5.21,71.84
778,38.90,92.47,95.00,-0.0001,1.00,0.00,KEEP_LANE,-1,999.00,False,True,5.21,70.56
779,38.95,93.16,95.00,-0.0001,1.00,0.00,KEEP_LANE,-1,999.00,False,True,5.20,69.27
780,39.00,93.94,95.00,-0.0001,1.00,0.00,KEEP_LANE,-1,999.00,False,True,5.20,67.97
781,39.05,94.78,95.00,-0.0001,0.43,0.00,KEEP_LANE,-1,999.00,False,True,5.19,66.65
